event_id,ts,event_type,session_id,underlying,exchange,instrument_kind,instrument_class,lifecycle_state,exposure_group,decision_source,strategy_version,score_version,universe_version,parameter_profile,payload_json
20260819095810656383-1,2026-08-19T09:58:10.656383+05:30,DAILY_MODE_CONTEXT,20260819_095810,,,,,,INDEX:,daily_mode_operator_control,paper-strategy-8ade763620b6,opportunity-score-8ade763620b6,universe-a8e55c76a270,PAPER_OVERRIDE::FYERS_PAPER_PROXY_RESEARCH,"{""computed_mode"": ""NORMAL"", ""effective_mode"": ""NORMAL"", ""path"": ""uploads\\DAILY_MODE.txt"", ""reason"": ""Daily mode is for 2026-08-17, not 2026-08-19"", ""status"": ""STALE""}"
20260819095948087629-2,2026-08-19T09:59:48.087629+05:30,DATA_HEALTH_ALERT,20260819_095810,NIFTY,NSE,INDEX,NSE_INDEX,,INDEX:BROAD_EQUITY,data_health_orchestrator,paper-strategy-8ade763620b6,opportunity-score-8ade763620b6,universe-a8e55c76a270,PAPER_OVERRIDE::FYERS_PAPER_PROXY_RESEARCH,"{""alert_threshold_cycles"": 2, ""consecutive_bad_cycles"": 2, ""last_bad_at"": ""2026-08-19T09:59:48.087629+05:30"", ""last_reason"": ""Option chain stale 35.05s; Candidate option quote stale 34.09s; Candidate option quote stale 34.09s; Candidate option quote stale 36.09s; Candidate option quote stale 36.09s; Candidate option quote stale 34.09s; Candidate option quote stale 34.09s"", ""last_valid_at"": """", ""scope"": ""trade"", ""status"": ""ALERT""}"
20260819095948093618-3,2026-08-19T09:59:48.093618+05:30,DATA_HEALTH_ALERT,20260819_095810,BANKNIFTY,NSE,INDEX,NSE_INDEX,,INDEX:BANKING,data_health_orchestrator,paper-strategy-8ade763620b6,opportunity-score-8ade763620b6,universe-a8e55c76a270,PAPER_OVERRIDE::FYERS_PAPER_PROXY_RESEARCH,"{""alert_threshold_cycles"": 2, ""consecutive_bad_cycles"": 2, ""last_bad_at"": ""2026-08-19T09:59:48.093618+05:30"", ""last_reason"": ""Option chain stale 35.06s; Candidate option quote stale 31.09s; Candidate option quote stale 30.09s; Candidate option quote stale 32.09s; Candidate option quote stale 31.09s; Candidate option quote stale 30.09s; Candidate option quote stale 30.09s"", ""last_valid_at"": """", ""scope"": ""trade"", ""status"": ""ALERT""}"
20260819095948101045-4,2026-08-19T09:59:48.101045+05:30,DATA_HEALTH_ALERT,20260819_095810,FINNIFTY,NSE,INDEX,NSE_INDEX,,INDEX:FINANCIALS,data_health_orchestrator,paper-strategy-8ade763620b6,opportunity-score-8ade763620b6,universe-a8e55c76a270,PAPER_OVERRIDE::FYERS_PAPER_PROXY_RESEARCH,"{""alert_threshold_cycles"": 2, ""consecutive_bad_cycles"": 2, ""last_bad_at"": ""2026-08-19T09:59:48.101045+05:30"", ""last_reason"": ""Option chain stale 35.06s; Candidate option quote stale 107.10s; Candidate option quote stale 42.10s; Candidate option quote stale 263.10s; Candidate option quote stale 42.10s; Candidate option quote stale 44.10s; Candidate option quote stale 84.10s"", ""last_valid_at"": """", ""scope"": ""trade"", ""status"": ""ALERT""}"
20260819095948104065-5,2026-08-19T09:59:48.104065+05:30,DATA_HEALTH_ALERT,20260819_095810,MIDCPNIFTY,NSE,INDEX,NSE_INDEX,,INDEX:MIDCAP,data_health_orchestrator,paper-strategy-8ade763620b6,opportunity-score-8ade763620b6,universe-a8e55c76a270,PAPER_OVERRIDE::FYERS_PAPER_PROXY_RESEARCH,"{""alert_threshold_cycles"": 2, ""consecutive_bad_cycles"": 2, ""last_bad_at"": ""2026-08-19T09:59:48.104065+05:30"", ""last_reason"": ""Option chain stale 35.07s; Candidate option quote stale 26.10s; Candidate option quote stale 29.10s; Candidate option quote stale 26.10s; Candidate option quote stale 34.10s; Candidate option quote stale 32.10s; Candidate option quote stale 26.10s"", ""last_valid_at"": """", ""scope"": ""trade"", ""status"": ""ALERT""}"
20260819095948106844-6,2026-08-19T09:59:48.106844+05:30,DATA_HEALTH_ALERT,20260819_095810,SENSEX,BSE,INDEX,BSE_INDEX,,INDEX:BSE_BROAD,data_health_orchestrator,paper-strategy-8ade763620b6,opportunity-score-8ade763620b6,universe-a8e55c76a270,PAPER_OVERRIDE::FYERS_PAPER_PROXY_RESEARCH,"{""alert_threshold_cycles"": 2, ""consecutive_bad_cycles"": 2, ""last_bad_at"": ""2026-08-19T09:59:48.106844+05:30"", ""last_reason"": ""Option chain stale 35.07s; Candidate option quote stale 22.11s; Candidate option quote stale 21.11s; Candidate option quote stale 23.11s; Candidate option quote stale 22.11s; Candidate option quote stale 21.11s; Candidate option quote stale 20.11s"", ""last_valid_at"": """", ""scope"": ""trade"", ""status"": ""ALERT""}"
20260819095948109662-7,2026-08-19T09:59:48.109662+05:30,DATA_HEALTH_ALERT,20260819_095810,BANKEX,BSE,INDEX,BSE_INDEX,,INDEX:BANKING,data_health_orchestrator,paper-strategy-8ade763620b6,opportunity-score-8ade763620b6,universe-a8e55c76a270,PAPER_OVERRIDE::FYERS_PAPER_PROXY_RESEARCH,"{""alert_threshold_cycles"": 2, ""consecutive_bad_cycles"": 2, ""last_bad_at"": ""2026-08-19T09:59:48.109662+05:30"", ""last_reason"": ""Option chain stale 35.07s; Candidate option quote stale 547.11s; Candidate option quote stale 670.11s; Candidate option quote stale 507.11s; Candidate option quote stale 35988.11s; Candidate option quote stale 35988.11s; Candidate option quote stale 726.11s"", ""last_valid_at"": """", ""scope"": ""trade"", ""status"": ""ALERT""}"
20260819095948117019-8,2026-08-19T09:59:48.117019+05:30,DATA_HEALTH_ALERT,20260819_095810,FOCIT,BSE,INDEX,BSE_INDEX,,INDEX:BSE_OTHER,data_health_orchestrator,paper-strategy-8ade763620b6,opportunity-score-8ade763620b6,universe-a8e55c76a270,PAPER_OVERRIDE::FYERS_PAPER_PROXY_RESEARCH,"{""alert_threshold_cycles"": 2, ""consecutive_bad_cycles"": 2, ""last_bad_at"": ""2026-08-19T09:59:48.117019+05:30"", ""last_reason"": ""Option chain stale 35.08s; Candidate option quote stale 107.11s; Candidate option quote stale 550.11s; Candidate option quote stale 35988.11s; Candidate option quote stale 35988.11s; Candidate option quote stale 35988.12s; Candidate option quote stale 35988.12s"", ""last_valid_at"": """", ""scope"": ""trade"", ""status"": ""ALERT""}"
20260819095948119952-9,2026-08-19T09:59:48.119952+05:30,DATA_HEALTH_ALERT,20260819_095810,NIFTYNXT50,NSE,INDEX,NSE_INDEX,,INDEX:BROAD_EQUITY,data_health_orchestrator,paper-strategy-8ade763620b6,opportunity-score-8ade763620b6,universe-a8e55c76a270,PAPER_OVERRIDE::FYERS_PAPER_PROXY_RESEARCH,"{""alert_threshold_cycles"": 2, ""consecutive_bad_cycles"": 2, ""last_bad_at"": ""2026-08-19T09:59:48.119952+05:30"", ""last_reason"": ""Option chain stale 35.08s; Candidate option quote stale 1571.12s; Candidate option quote stale 1775.12s; Candidate option quote invalid; Candidate option quote invalid; Candidate option quote invalid; Candidate option quote invalid"", ""last_valid_at"": """", ""scope"": ""trade"", ""status"": ""ALERT""}"
20260819100040243153-10,2026-08-19T10:00:40.243153+05:30,PORTFOLIO_NO_TRADE_BLOCK,20260819_095810,,,,,,INDEX:,portfolio_no_trade_engine,paper-strategy-8ade763620b6,opportunity-score-8ade763620b6,universe-a8e55c76a270,PAPER_OVERRIDE::FYERS_PAPER_PROXY_RESEARCH,"{""reason"": ""Portfolio no-trade hard veto: 24_instruments_data_invalid, no_candidate_grade_A_or_better"", ""snapshot"": {""components"": {""best_candidate_weakness_risk"": 44.41787105110933, ""calibration_uncertainty_risk"": 62.5, ""cross_instrument_market_hostility"": 27.894971308392837, ""data_breadth_risk"": 100.0, ""event_gap_system_risk"": 0.0, ""liquidity_breadth_risk"": 100.0, ""recent_loss_psychology_risk"": 0.0}, ""enabled"": true, ""hard_vetoes"": [""24_instruments_data_invalid"", ""no_candidate_grade_A_or_better""], ""score"": 49.8084620244559, ""shutdown_above"": 70.0, ""status"": ""BLOCKED"", ""timestamp"": ""2026-08-19T10:00:40.243153+05:30""}}"
20260819100124201064-11,2026-08-19T10:01:24.201064+05:30,DATA_HEALTH_ALERT,20260819_095810,ASIANPAINT,NSE,STOCK,NSE_STOCK_OPTION,,STOCK:ASIANPAINT,data_health_orchestrator,paper-strategy-8ade763620b6,opportunity-score-8ade763620b6,universe-a8e55c76a270,PAPER_OVERRIDE::FYERS_PAPER_PROXY_RESEARCH,"{""alert_threshold_cycles"": 2, ""consecutive_bad_cycles"": 2, ""last_bad_at"": ""2026-08-19T10:01:24.201064+05:30"", ""last_reason"": ""Option chain stale 38.83s; Candidate option quote stale 54.20s; Candidate option quote stale 54.20s; Candidate option quote stale 159.20s; Candidate option quote stale 58.20s; Candidate option quote stale 58.20s; Candidate option quote stale 58.20s"", ""last_valid_at"": """", ""scope"": ""trade"", ""status"": ""ALERT""}"
20260819100124207001-12,2026-08-19T10:01:24.207001+05:30,DATA_HEALTH_ALERT,20260819_095810,AXISBANK,NSE,STOCK,NSE_STOCK_OPTION,,STOCK:AXISBANK,data_health_orchestrator,paper-strategy-8ade763620b6,opportunity-score-8ade763620b6,universe-a8e55c76a270,PAPER_OVERRIDE::FYERS_PAPER_PROXY_RESEARCH,"{""alert_threshold_cycles"": 2, ""consecutive_bad_cycles"": 2, ""last_bad_at"": ""2026-08-19T10:01:24.207001+05:30"", ""last_reason"": ""Option chain stale 38.84s; Candidate option quote stale 55.21s; Candidate option quote stale 55.21s; Candidate option quote stale 60.21s; Candidate option quote stale 55.21s; Candidate option quote stale 55.21s; Candidate option quote stale 55.21s"", ""last_valid_at"": """", ""scope"": ""trade"", ""status"": ""ALERT""}"
20260819100124209466-13,2026-08-19T10:01:24.209466+05:30,DATA_HEALTH_ALERT,20260819_095810,BAJAJ-AUTO,NSE,STOCK,NSE_STOCK_OPTION,,STOCK:BAJAJ-AUTO,data_health_orchestrator,paper-strategy-8ade763620b6,opportunity-score-8ade763620b6,universe-a8e55c76a270,PAPER_OVERRIDE::FYERS_PAPER_PROXY_RESEARCH,"{""alert_threshold_cycles"": 2, ""consecutive_bad_cycles"": 2, ""last_bad_at"": ""2026-08-19T10:01:24.209466+05:30"", ""last_reason"": ""Option chain stale 38.84s; Candidate option quote stale 19.21s; Candidate option quote stale 22.21s; Candidate option quote stale 60.21s; Candidate option quote stale 27.21s; Candidate option quote stale 22.21s; Candidate option quote stale 60.21s"", ""last_valid_at"": """", ""scope"": ""trade"", ""status"": ""ALERT""}"
20260819100124214311-14,2026-08-19T10:01:24.214311+05:30,DATA_HEALTH_ALERT,20260819_095810,BAJFINANCE,NSE,STOCK,NSE_STOCK_OPTION,,STOCK:BAJFINANCE,data_health_orchestrator,paper-strategy-8ade763620b6,opportunity-score-8ade763620b6,universe-a8e55c76a270,PAPER_OVERRIDE::FYERS_PAPER_PROXY_RESEARCH,"{""alert_threshold_cycles"": 2, ""consecutive_bad_cycles"": 2, ""last_bad_at"": ""2026-08-19T10:01:24.214311+05:30"", ""last_reason"": ""Option chain stale 38.84s; Candidate option quote stale 66.21s; Candidate option quote stale 52.21s; Candidate option quote stale 66.21s; Candidate option quote stale 45.21s; Candidate option quote stale 36.21s; Candidate option quote stale 36.21s"", ""last_valid_at"": """", ""scope"": ""trade"", ""status"": ""ALERT""}"
20260819100124218546-15,2026-08-19T10:01:24.218546+05:30,DATA_HEALTH_ALERT,20260819_095810,BAJAJFINSV,NSE,STOCK,NSE_STOCK_OPTION,,STOCK:BAJAJFINSV,data_health_orchestrator,paper-strategy-8ade763620b6,opportunity-score-8ade763620b6,universe-a8e55c76a270,PAPER_OVERRIDE::FYERS_PAPER_PROXY_RESEARCH,"{""alert_threshold_cycles"": 2, ""consecutive_bad_cycles"": 2, ""last_bad_at"": ""2026-08-19T10:01:24.218546+05:30"", ""last_reason"": ""Option chain stale 38.85s; Candidate option quote stale 54.22s; Candidate option quote stale 45.22s; Candidate option quote stale 118.22s; Candidate option quote stale 54.22s; Candidate option quote stale 54.22s; Candidate option quote stale 118.22s"", ""last_valid_at"": """", ""scope"": ""trade"", ""status"": ""ALERT""}"
20260819100124221287-16,2026-08-19T10:01:24.221287+05:30,DATA_HEALTH_ALERT,20260819_095810,BEL,NSE,STOCK,NSE_STOCK_OPTION,,STOCK:BEL,data_health_orchestrator,paper-strategy-8ade763620b6,opportunity-score-8ade763620b6,universe-a8e55c76a270,PAPER_OVERRIDE::FYERS_PAPER_PROXY_RESEARCH,"{""alert_threshold_cycles"": 2, ""consecutive_bad_cycles"": 2, ""last_bad_at"": ""2026-08-19T10:01:24.221287+05:30"", ""last_reason"": ""Option chain stale 38.85s; Candidate option quote stale 14.22s; Candidate option quote stale 23.22s; Candidate option quote stale 42.22s; Candidate option quote stale 49.22s; Candidate option quote stale 52.22s; Candidate option quote stale 54.22s"", ""last_valid_at"": """", ""scope"": ""trade"", ""status"": ""ALERT""}"
20260819100124223701-17,2026-08-19T10:01:24.223701+05:30,DATA_HEALTH_ALERT,20260819_095810,BHARTIARTL,NSE,STOCK,NSE_STOCK_OPTION,,STOCK:BHARTIARTL,data_health_orchestrator,paper-strategy-8ade763620b6,opportunity-score-8ade763620b6,universe-a8e55c76a270,PAPER_OVERRIDE::FYERS_PAPER_PROXY_RESEARCH,"{""alert_threshold_cycles"": 2, ""consecutive_bad_cycles"": 2, ""last_bad_at"": ""2026-08-19T10:01:24.223701+05:30"", ""last_reason"": ""Option chain stale 38.85s; Candidate option quote stale 31.22s; Candidate option quote stale 88.22s; Candidate option quote stale 62.22s; Candidate option quote stale 8.22s; Candidate option quote stale 16.22s; Candidate option quote stale 63.22s"", ""last_valid_at"": """", ""scope"": ""trade"", ""status"": ""ALERT""}"
20260819100124226105-18,2026-08-19T10:01:24.226105+05:30,DATA_HEALTH_ALERT,20260819_095810,CIPLA,NSE,STOCK,NSE_STOCK_OPTION,,STOCK:CIPLA,data_health_orchestrator,paper-strategy-8ade763620b6,opportunity-score-8ade763620b6,universe-a8e55c76a270,PAPER_OVERRIDE::FYERS_PAPER_PROXY_RESEARCH,"{""alert_threshold_cycles"": 2, ""consecutive_bad_cycles"": 2, ""last_bad_at"": ""2026-08-19T10:01:24.226105+05:30"", ""last_reason"": ""Option chain stale 38.86s; Candidate option quote stale 57.22s; Candidate option quote stale 170.22s; Candidate option quote stale 249.23s; Candidate option quote stale 194.23s; Candidate option quote stale 181.23s; Candidate option quote stale 242.23s"", ""last_valid_at"": """", ""scope"": ""trade"", ""status"": ""ALERT""}"
20260819100124185908-19,2026-08-19T10:01:24.185908+05:30,PORTFOLIO_NO_TRADE_BLOCK,20260819_095810,,,,,,INDEX:,portfolio_no_trade_engine,paper-strategy-8ade763620b6,opportunity-score-8ade763620b6,universe-a8e55c76a270,PAPER_OVERRIDE::FYERS_PAPER_PROXY_RESEARCH,"{""reason"": ""Portfolio no-trade hard veto: 26_instruments_data_invalid, no_candidate_grade_A_or_better"", ""snapshot"": {""components"": {""best_candidate_weakness_risk"": 44.44919059521074, ""calibration_uncertainty_risk"": 65.38461538461539, ""cross_instrument_market_hostility"": 28.332759689135262, ""data_breadth_risk"": 100.0, ""event_gap_system_risk"": 0.0, ""liquidity_breadth_risk"": 100.0, ""recent_loss_psychology_risk"": 0.0}, ""enabled"": true, ""hard_vetoes"": [""26_instruments_data_invalid"", ""no_candidate_grade_A_or_better""], ""score"": 50.0480803558605, ""shutdown_above"": 70.0, ""status"": ""BLOCKED"", ""timestamp"": ""2026-08-19T10:01:24.185908+05:30""}}"
20260819100216337952-20,2026-08-19T10:02:16.337952+05:30,PORTFOLIO_NO_TRADE_BLOCK,20260819_095810,,,,,,INDEX:,portfolio_no_trade_engine,paper-strategy-8ade763620b6,opportunity-score-8ade763620b6,universe-a8e55c76a270,PAPER_OVERRIDE::FYERS_PAPER_PROXY_RESEARCH,"{""reason"": ""Portfolio no-trade hard veto: 17_instruments_data_invalid, no_candidate_grade_A_or_better"", ""snapshot"": {""components"": {""best_candidate_weakness_risk"": 48.6767050667124, ""calibration_uncertainty_risk"": 52.94117647058823, ""cross_instrument_market_hostility"": 28.653808466291846, ""data_breadth_risk"": 100.0, ""event_gap_system_risk"": 0.0, ""liquidity_breadth_risk"": 100.0, ""recent_loss_psychology_risk"": 0.0}, ""enabled"": true, ""hard_vetoes"": [""17_instruments_data_invalid"", ""no_candidate_grade_A_or_better""], ""score"": 50.54699678346588, ""shutdown_above"": 70.0, ""status"": ""BLOCKED"", ""timestamp"": ""2026-08-19T10:02:16.337952+05:30""}}"
20260819100259681399-21,2026-08-19T10:02:59.681399+05:30,DATA_HEALTH_ALERT,20260819_095810,COALINDIA,NSE,STOCK,NSE_STOCK_OPTION,,STOCK:COALINDIA,data_health_orchestrator,paper-strategy-8ade763620b6,opportunity-score-8ade763620b6,universe-a8e55c76a270,PAPER_OVERRIDE::FYERS_PAPER_PROXY_RESEARCH,"{""alert_threshold_cycles"": 2, ""consecutive_bad_cycles"": 2, ""last_bad_at"": ""2026-08-19T10:02:59.681399+05:30"", ""last_reason"": ""Option chain stale 38.21s; Candidate option quote stale 56.68s; Candidate option quote stale 40.68s; Candidate option quote stale 59.68s; Candidate option quote stale 55.68s; Candidate option quote stale 35.68s; Candidate option quote stale 36.68s"", ""last_valid_at"": """", ""scope"": ""trade"", ""status"": ""ALERT""}"
20260819100259687221-22,2026-08-19T10:02:59.687221+05:30,DATA_HEALTH_ALERT,20260819_095810,DRREDDY,NSE,STOCK,NSE_STOCK_OPTION,,STOCK:DRREDDY,data_health_orchestrator,paper-strategy-8ade763620b6,opportunity-score-8ade763620b6,universe-a8e55c76a270,PAPER_OVERRIDE::FYERS_PAPER_PROXY_RESEARCH,"{""alert_threshold_cycles"": 2, ""consecutive_bad_cycles"": 2, ""last_bad_at"": ""2026-08-19T10:02:59.687221+05:30"", ""last_reason"": ""Option chain stale 38.22s; Candidate option quote stale 125.69s; Candidate option quote stale 76.69s; Candidate option quote stale 76.69s; Candidate option quote stale 92.69s; Candidate option quote stale 70.69s; Candidate option quote stale 214.69s"", ""last_valid_at"": """", ""scope"": ""trade"", ""status"": ""ALERT""}"
20260819100259689922-23,2026-08-19T10:02:59.689922+05:30,DATA_HEALTH_ALERT,20260819_095810,EICHERMOT,NSE,STOCK,NSE_STOCK_OPTION,,STOCK:EICHERMOT,data_health_orchestrator,paper-strategy-8ade763620b6,opportunity-score-8ade763620b6,universe-a8e55c76a270,PAPER_OVERRIDE::FYERS_PAPER_PROXY_RESEARCH,"{""alert_threshold_cycles"": 2, ""consecutive_bad_cycles"": 2, ""last_bad_at"": ""2026-08-19T10:02:59.689922+05:30"", ""last_reason"": ""Option chain stale 38.22s; Candidate option quote stale 19.69s; Candidate option quote stale 20.69s; Candidate option quote stale 19.69s; Candidate option quote stale 29.69s; Candidate option quote stale 18.69s; Candidate option quote stale 24.69s"", ""last_valid_at"": """", ""scope"": ""trade"", ""status"": ""ALERT""}"
20260819100259692554-24,2026-08-19T10:02:59.692554+05:30,DATA_HEALTH_ALERT,20260819_095810,ETERNAL,NSE,STOCK,NSE_STOCK_OPTION,,STOCK:ETERNAL,data_health_orchestrator,paper-strategy-8ade763620b6,opportunity-score-8ade763620b6,universe-a8e55c76a270,PAPER_OVERRIDE::FYERS_PAPER_PROXY_RESEARCH,"{""alert_threshold_cycles"": 2, ""consecutive_bad_cycles"": 2, ""last_bad_at"": ""2026-08-19T10:02:59.692554+05:30"", ""last_reason"": ""Option chain stale 38.22s; Candidate option quote stale 22.69s; Candidate option quote stale 44.69s; Candidate option quote stale 43.69s; Candidate option quote stale 77.69s; Candidate option quote stale 62.69s; Candidate option quote stale 73.69s"", ""last_valid_at"": """", ""scope"": ""trade"", ""status"": ""ALERT""}"
20260819100259698130-25,2026-08-19T10:02:59.698130+05:30,DATA_HEALTH_ALERT,20260819_095810,GRASIM,NSE,STOCK,NSE_STOCK_OPTION,,STOCK:GRASIM,data_health_orchestrator,paper-strategy-8ade763620b6,opportunity-score-8ade763620b6,universe-a8e55c76a270,PAPER_OVERRIDE::FYERS_PAPER_PROXY_RESEARCH,"{""alert_threshold_cycles"": 2, ""consecutive_bad_cycles"": 2, ""last_bad_at"": ""2026-08-19T10:02:59.698130+05:30"", ""last_reason"": ""Option chain stale 38.23s; Candidate option quote stale 135.69s; Candidate option quote stale 129.69s; Candidate option quote stale 65.69s; Candidate option quote stale 69.70s; Candidate option quote stale 69.70s; Candidate option quote stale 74.70s"", ""last_valid_at"": """", ""scope"": ""trade"", ""status"": ""ALERT""}"
20260819100259702000-26,2026-08-19T10:02:59.702000+05:30,DATA_HEALTH_ALERT,20260819_095810,HCLTECH,NSE,STOCK,NSE_STOCK_OPTION,,STOCK:HCLTECH,data_health_orchestrator,paper-strategy-8ade763620b6,opportunity-score-8ade763620b6,universe-a8e55c76a270,PAPER_OVERRIDE::FYERS_PAPER_PROXY_RESEARCH,"{""alert_threshold_cycles"": 2, ""consecutive_bad_cycles"": 2, ""last_bad_at"": ""2026-08-19T10:02:59.702000+05:30"", ""last_reason"": ""Option chain stale 38.23s; Candidate option quote stale 27.70s; Candidate option quote stale 15.70s; Candidate option quote stale 12.70s; Candidate option quote stale 10.70s; Candidate option quote stale 9.70s; Candidate option quote stale 16.70s"", ""last_valid_at"": """", ""scope"": ""trade"", ""status"": ""ALERT""}"
20260819100259704664-27,2026-08-19T10:02:59.704664+05:30,DATA_HEALTH_ALERT,20260819_095810,HDFCBANK,NSE,STOCK,NSE_STOCK_OPTION,,STOCK:HDFCBANK,data_health_orchestrator,paper-strategy-8ade763620b6,opportunity-score-8ade763620b6,universe-a8e55c76a270,PAPER_OVERRIDE::FYERS_PAPER_PROXY_RESEARCH,"{""alert_threshold_cycles"": 2, ""consecutive_bad_cycles"": 2, ""last_bad_at"": ""2026-08-19T10:02:59.704664+05:30"", ""last_reason"": ""Option chain stale 38.23s; Candidate option quote warning stale 7.70s; Candidate option quote warning stale 7.70s; Candidate option quote stale 9.70s; Candidate option quote warning stale 7.70s; Candidate option quote warning stale 5.70s; Candidate option quote warning stale 6.70s"", ""last_valid_at"": """", ""scope"": ""trade"", ""status"": ""ALERT""}"
20260819100259707142-28,2026-08-19T10:02:59.707142+05:30,DATA_HEALTH_ALERT,20260819_095810,HDFCLIFE,NSE,STOCK,NSE_STOCK_OPTION,,STOCK:HDFCLIFE,data_health_orchestrator,paper-strategy-8ade763620b6,opportunity-score-8ade763620b6,universe-a8e55c76a270,PAPER_OVERRIDE::FYERS_PAPER_PROXY_RESEARCH,"{""alert_threshold_cycles"": 2, ""consecutive_bad_cycles"": 2, ""last_bad_at"": ""2026-08-19T10:02:59.707142+05:30"", ""last_reason"": ""Option chain stale 38.24s; Candidate option quote stale 30.71s; Candidate option quote stale 13.71s; Candidate option quote stale 33.71s; Candidate option quote stale 25.71s; Candidate option quote stale 13.71s"", ""last_valid_at"": """", ""scope"": ""trade"", ""status"": ""ALERT""}"
20260819100259668842-29,2026-08-19T10:02:59.668842+05:30,PORTFOLIO_NO_TRADE_BLOCK,20260819_095810,,,,,,INDEX:,portfolio_no_trade_engine,paper-strategy-8ade763620b6,opportunity-score-8ade763620b6,universe-a8e55c76a270,PAPER_OVERRIDE::FYERS_PAPER_PROXY_RESEARCH,"{""reason"": ""Portfolio no-trade hard veto: 18_instruments_data_invalid, no_candidate_grade_A_or_better"", ""snapshot"": {""components"": {""best_candidate_weakness_risk"": 49.34631272211087, ""calibration_uncertainty_risk"": 38.888888888888886, ""cross_instrument_market_hostility"": 26.87939392132161, ""data_breadth_risk"": 100.0, ""event_gap_system_risk"": 0.0, ""liquidity_breadth_risk"": 100.0, ""recent_loss_psychology_risk"": 0.0}, ""enabled"": true, ""hard_vetoes"": [""18_instruments_data_invalid"", ""no_candidate_grade_A_or_better""], ""score"": 49.65690140923648, ""shutdown_above"": 70.0, ""status"": ""BLOCKED"", ""timestamp"": ""2026-08-19T10:02:59.668842+05:30""}}"
