ts,date,underlying,exchange,instrument_kind,instrument_class,lifecycle_state,exposure_group,strategy_version,score_version,universe_version,parameter_profile,side,setup_type,strike,side_direction_score,observed_elasticity_valid,observed_elasticity_raw,observed_elasticity_post_cost,observed_elasticity_reason,surface_valid,atm_iv,call_put_iv_skew,call_wing_iv,put_wing_iv,surface_reason,direction_model_score,direction_model_name,direction_model_status,direction_model_disagreement,gate_snapshot_id,gate_learning_status,gate_learning_observations,gate_learning_sessions,gate_learning_outcomes,gate_contract_quality_min,gate_direction_min,gate_premium_elasticity_min,gate_expected_required_ratio_min,gate_trade_quality_min,gate_final_confidence_min,gate_market_hostility_max,gate_iv_crush_max,gate_spread_pct_max,gate_min_top_book_lots,gate_min_5depth_lots_each_side,gate_resolution_path,gate_optimization_method,gate_optimization_status,gate_optimization_quantile,gate_validation_observations,gate_validation_sessions,gate_validation_expectancy_r,gate_validation_drawdown_r,gate_validation_retention,gate_last_validated_at,evidence_profile,mapping_status,cost_model_status,cost_model_valid,canonical_promotion_allowed,iv_context_status,iv_context_reason,iv_context_source,data_health_valid,source_timestamp_available,liquidity_data_status,depth_evidence,depth_source,depth_bid_levels,depth_ask_levels,bid_qty,ask_qty,cumulative_bid_qty_5depth,cumulative_ask_qty_5depth,quote_timestamp,iv_data_status,direction_gate_passed,contract_quality_score,contract_quality_gate_passed,eligible,decision,rejection_count,rejection_reasons,calibrated_probability,calibrated_expectancy_r
2026-08-19T09:51:33.443494+05:30,2026-08-19,NIFTY,NSE,INDEX,NSE_INDEX,PAPER_ELIGIBLE,INDEX:BROAD_EQUITY,paper-strategy-8ade763620b6,opportunity-score-8ade763620b6,universe-a8e55c76a270,PAPER_OVERRIDE::FYERS_PAPER_PROXY_RESEARCH,CE,UNKNOWN,24100.0,7.5,False,,,Underlying move below identification minimum.,False,,,,,ATM IV unavailable.,30.0000,nifty_leadership_proxy,VALID,22.5239,00929e22c867,WARMUP_OBSERVATIONS,0,0,0,80.0,65.0,1.0,1.6,70.0,65.0,35.0,50.0,inf,2.0,10.0,GLOBAL_POLICY_FLOOR>CLASS_FLOOR>INSTRUMENT_LEARNED_FLOOR; LOWER=max; UPPER=min,CONSTRAINED_WALK_FORWARD,WARMUP_OBSERVATIONS,,0,0,,,0.0,,FYERS_PAPER_PROXY_RESEARCH,FYERS_PAPER_RESEARCH_ONLY,COST_MODEL_UNVALIDATED,False,False,DISABLED,Daily market context is disabled until operator review,MANUAL_PROXY_RESEARCH,False,True,MEASURED,FIVE_LEVEL,FYERS_MARKET_DEPTH,5,5,1170,1820,9230,39585,2026-08-19T04:20:47+00:00,IV_UNAVAILABLE,False,0,False,False,DATA_INVALID,7,DataHealth invalid; Contract invalid: Quote stale or spread hard rejected.; SideDirection hard reject: 7.5 < 65.0; PremiumElasticity hard reject: 0.50 < 1.00; Expected/Required hard reject: 1.33 < 1.60; TradeQuality below configured minimum; ConvexityEdge below excellent gate: 78.3 < 80.0,,
2026-08-19T09:51:33.443494+05:30,2026-08-19,NIFTY,NSE,INDEX,NSE_INDEX,PAPER_ELIGIBLE,INDEX:BROAD_EQUITY,paper-strategy-8ade763620b6,opportunity-score-8ade763620b6,universe-a8e55c76a270,PAPER_OVERRIDE::FYERS_PAPER_PROXY_RESEARCH,CE,UNKNOWN,24050.0,7.5,False,,,Underlying move below identification minimum.,False,,,,,ATM IV unavailable.,30.0000,nifty_leadership_proxy,VALID,22.5239,00929e22c867,WARMUP_OBSERVATIONS,0,0,0,80.0,65.0,1.0,1.6,70.0,65.0,35.0,50.0,inf,2.0,10.0,GLOBAL_POLICY_FLOOR>CLASS_FLOOR>INSTRUMENT_LEARNED_FLOOR; LOWER=max; UPPER=min,CONSTRAINED_WALK_FORWARD,WARMUP_OBSERVATIONS,,0,0,,,0.0,,FYERS_PAPER_PROXY_RESEARCH,FYERS_PAPER_RESEARCH_ONLY,COST_MODEL_UNVALIDATED,False,False,DISABLED,Daily market context is disabled until operator review,MANUAL_PROXY_RESEARCH,False,True,MEASURED,FIVE_LEVEL,FYERS_MARKET_DEPTH,5,5,715,1170,5135,5720,2026-08-19T04:20:46+00:00,IV_UNAVAILABLE,False,0,False,False,DATA_INVALID,7,DataHealth invalid; Contract invalid: Quote stale or spread hard rejected.; SideDirection hard reject: 7.5 < 65.0; PremiumElasticity hard reject: 0.70 < 1.00; Expected/Required hard reject: 1.33 < 1.60; TradeQuality below configured minimum; ConvexityEdge below excellent gate: 76.8 < 80.0,,
2026-08-19T09:51:33.443494+05:30,2026-08-19,NIFTY,NSE,INDEX,NSE_INDEX,PAPER_ELIGIBLE,INDEX:BROAD_EQUITY,paper-strategy-8ade763620b6,opportunity-score-8ade763620b6,universe-a8e55c76a270,PAPER_OVERRIDE::FYERS_PAPER_PROXY_RESEARCH,CE,UNKNOWN,24150.0,7.5,False,,,Underlying move below identification minimum.,False,,,,,ATM IV unavailable.,30.0000,nifty_leadership_proxy,VALID,22.5239,00929e22c867,WARMUP_OBSERVATIONS,0,0,0,80.0,65.0,1.0,1.6,70.0,65.0,35.0,50.0,inf,2.0,10.0,GLOBAL_POLICY_FLOOR>CLASS_FLOOR>INSTRUMENT_LEARNED_FLOOR; LOWER=max; UPPER=min,CONSTRAINED_WALK_FORWARD,WARMUP_OBSERVATIONS,,0,0,,,0.0,,FYERS_PAPER_PROXY_RESEARCH,FYERS_PAPER_RESEARCH_ONLY,COST_MODEL_UNVALIDATED,False,False,DISABLED,Daily market context is disabled until operator review,MANUAL_PROXY_RESEARCH,False,True,MEASURED,FIVE_LEVEL,FYERS_MARKET_DEPTH,5,5,3055,195,15145,31720,2026-08-19T04:20:48+00:00,IV_UNAVAILABLE,False,0,False,False,DATA_INVALID,7,DataHealth invalid; Contract invalid: Quote stale or spread hard rejected.; SideDirection hard reject: 7.5 < 65.0; PremiumElasticity hard reject: 0.30 < 1.00; Expected/Required hard reject: 1.33 < 1.60; TradeQuality below configured minimum; ConvexityEdge below excellent gate: 62.3 < 80.0,,
2026-08-19T09:51:33.443494+05:30,2026-08-19,NIFTY,NSE,INDEX,NSE_INDEX,PAPER_ELIGIBLE,INDEX:BROAD_EQUITY,paper-strategy-8ade763620b6,opportunity-score-8ade763620b6,universe-a8e55c76a270,PAPER_OVERRIDE::FYERS_PAPER_PROXY_RESEARCH,PE,UNKNOWN,24150.0,0.0,False,,,Underlying move below identification minimum.,False,,,,,ATM IV unavailable.,30.0000,nifty_leadership_proxy,VALID,22.5239,00929e22c867,WARMUP_OBSERVATIONS,0,0,0,80.0,65.0,1.0,1.6,70.0,65.0,35.0,50.0,inf,2.0,10.0,GLOBAL_POLICY_FLOOR>CLASS_FLOOR>INSTRUMENT_LEARNED_FLOOR; LOWER=max; UPPER=min,CONSTRAINED_WALK_FORWARD,WARMUP_OBSERVATIONS,,0,0,,,0.0,,FYERS_PAPER_PROXY_RESEARCH,FYERS_PAPER_RESEARCH_ONLY,COST_MODEL_UNVALIDATED,False,False,DISABLED,Daily market context is disabled until operator review,MANUAL_PROXY_RESEARCH,False,True,MEASURED,FIVE_LEVEL,FYERS_MARKET_DEPTH,5,5,8840,260,12480,5720,2026-08-19T04:20:49+00:00,IV_UNAVAILABLE,False,0,False,False,DATA_INVALID,7,DataHealth invalid; Contract invalid: Quote stale or spread hard rejected.; SideDirection hard reject: -7.5 < 65.0; PremiumElasticity hard reject: 0.70 < 1.00; Expected/Required hard reject: 1.33 < 1.60; TradeQuality below configured minimum; ConvexityEdge below excellent gate: 76.8 < 80.0,,
2026-08-19T09:51:33.443494+05:30,2026-08-19,BANKNIFTY,NSE,INDEX,NSE_INDEX,PAPER_ELIGIBLE,INDEX:BANKING,paper-strategy-8ade763620b6,opportunity-score-8ade763620b6,universe-a8e55c76a270,PAPER_OVERRIDE::FYERS_PAPER_PROXY_RESEARCH,PE,UNKNOWN,57200.0,0.0,False,,,Underlying move below identification minimum.,False,,,,,ATM IV unavailable.,17.1070,banknifty_fast_wbci,VALID,6.2307,2e840ccd58d1,WARMUP_OBSERVATIONS,0,0,0,80.0,65.0,1.0,1.6,70.0,65.0,35.0,50.0,inf,2.0,10.0,GLOBAL_POLICY_FLOOR>CLASS_FLOOR>INSTRUMENT_LEARNED_FLOOR; LOWER=max; UPPER=min,CONSTRAINED_WALK_FORWARD,WARMUP_OBSERVATIONS,,0,0,,,0.0,,FYERS_PAPER_PROXY_RESEARCH,FYERS_PAPER_RESEARCH_ONLY,COST_MODEL_UNVALIDATED,False,False,DISABLED,Daily market context is disabled until operator review,MANUAL_PROXY_RESEARCH,False,True,MEASURED,FIVE_LEVEL,FYERS_MARKET_DEPTH,5,5,90,60,270,300,2026-08-19T04:20:54+00:00,IV_UNAVAILABLE,False,0,False,False,DATA_INVALID,7,DataHealth invalid; Contract invalid: Quote stale or spread hard rejected.; SideDirection hard reject: -10.9 < 65.0; PremiumElasticity hard reject: 0.50 < 1.00; Expected/Required hard reject: 1.42 < 1.60; TradeQuality below configured minimum; ConvexityEdge below excellent gate: 78.3 < 80.0,,
2026-08-19T09:51:33.443494+05:30,2026-08-19,BANKNIFTY,NSE,INDEX,NSE_INDEX,PAPER_ELIGIBLE,INDEX:BANKING,paper-strategy-8ade763620b6,opportunity-score-8ade763620b6,universe-a8e55c76a270,PAPER_OVERRIDE::FYERS_PAPER_PROXY_RESEARCH,PE,UNKNOWN,57300.0,0.0,False,,,No prior observation for contract.,False,,,,,ATM IV unavailable.,17.1070,banknifty_fast_wbci,VALID,6.2307,2e840ccd58d1,WARMUP_OBSERVATIONS,0,0,0,80.0,65.0,1.0,1.6,70.0,65.0,35.0,50.0,inf,2.0,10.0,GLOBAL_POLICY_FLOOR>CLASS_FLOOR>INSTRUMENT_LEARNED_FLOOR; LOWER=max; UPPER=min,CONSTRAINED_WALK_FORWARD,WARMUP_OBSERVATIONS,,0,0,,,0.0,,FYERS_PAPER_PROXY_RESEARCH,FYERS_PAPER_RESEARCH_ONLY,COST_MODEL_UNVALIDATED,False,False,DISABLED,Daily market context is disabled until operator review,MANUAL_PROXY_RESEARCH,False,True,MEASURED,FIVE_LEVEL,FYERS_MARKET_DEPTH,5,5,30,30,210,180,2026-08-19T04:20:54+00:00,IV_UNAVAILABLE,False,0,False,False,DATA_INVALID,7,DataHealth invalid; Contract invalid: Quote stale or spread hard rejected.; SideDirection hard reject: -10.9 < 65.0; PremiumElasticity hard reject: 0.70 < 1.00; Expected/Required hard reject: 1.42 < 1.60; TradeQuality below configured minimum; ConvexityEdge below excellent gate: 76.8 < 80.0,,
2026-08-19T09:51:33.443494+05:30,2026-08-19,FINNIFTY,NSE,INDEX,NSE_INDEX,PAPER_ELIGIBLE,INDEX:FINANCIALS,paper-strategy-8ade763620b6,opportunity-score-8ade763620b6,universe-a8e55c76a270,PAPER_OVERRIDE::FYERS_PAPER_PROXY_RESEARCH,PE,UNKNOWN,26000.0,0.0,False,,,Underlying move below identification minimum.,False,,,,,ATM IV unavailable.,12.0000,finnifty_leadership_proxy,VALID,1.8498,e172b0fef65b,WARMUP_OBSERVATIONS,0,0,0,80.0,65.0,1.0,1.6,70.0,65.0,35.0,50.0,inf,2.0,10.0,GLOBAL_POLICY_FLOOR>CLASS_FLOOR>INSTRUMENT_LEARNED_FLOOR; LOWER=max; UPPER=min,CONSTRAINED_WALK_FORWARD,WARMUP_OBSERVATIONS,,0,0,,,0.0,,FYERS_PAPER_PROXY_RESEARCH,FYERS_PAPER_RESEARCH_ONLY,COST_MODEL_UNVALIDATED,False,False,DISABLED,Daily market context is disabled until operator review,MANUAL_PROXY_RESEARCH,False,True,MEASURED,FIVE_LEVEL,FYERS_MARKET_DEPTH,5,5,60,60,420,300,2026-08-19T04:20:43+00:00,IV_UNAVAILABLE,False,0,False,False,DATA_INVALID,7,DataHealth invalid; Contract invalid: Quote stale or spread hard rejected.; SideDirection hard reject: -13.8 < 65.0; PremiumElasticity hard reject: 0.50 < 1.00; Expected/Required hard reject: 1.25 < 1.60; TradeQuality below configured minimum; ConvexityEdge below excellent gate: 78.3 < 80.0,,
2026-08-19T09:51:33.443494+05:30,2026-08-19,MIDCPNIFTY,NSE,INDEX,NSE_INDEX,PAPER_ELIGIBLE,INDEX:MIDCAP,paper-strategy-8ade763620b6,opportunity-score-8ade763620b6,universe-a8e55c76a270,PAPER_OVERRIDE::FYERS_PAPER_PROXY_RESEARCH,PE,UNKNOWN,14850.0,0.0,False,,,Underlying move below identification minimum.,False,,,,,ATM IV unavailable.,54.6642,midcap_direction_proxy,PARTIAL_MIDCAP,39.5712,712afad509f5,WARMUP_OBSERVATIONS,0,0,0,80.0,65.0,1.0,1.6,70.0,65.0,35.0,50.0,inf,2.0,10.0,GLOBAL_POLICY_FLOOR>CLASS_FLOOR>INSTRUMENT_LEARNED_FLOOR; LOWER=max; UPPER=min,CONSTRAINED_WALK_FORWARD,WARMUP_OBSERVATIONS,,0,0,,,0.0,,FYERS_PAPER_PROXY_RESEARCH,FYERS_PAPER_RESEARCH_ONLY,COST_MODEL_UNVALIDATED,False,False,DISABLED,Daily market context is disabled until operator review,MANUAL_PROXY_RESEARCH,False,True,MEASURED,FIVE_LEVEL,FYERS_MARKET_DEPTH,5,5,360,240,1560,1680,2026-08-19T04:21:00+00:00,IV_UNAVAILABLE,False,0,False,False,DATA_INVALID,7,DataHealth invalid; Contract invalid: Quote stale or spread hard rejected.; SideDirection hard reject: -15.1 < 65.0; PremiumElasticity hard reject: 0.50 < 1.00; Expected/Required hard reject: 1.08 < 1.60; TradeQuality below configured minimum; ConvexityEdge below excellent gate: 77.3 < 80.0,,
2026-08-19T09:51:33.443494+05:30,2026-08-19,MIDCPNIFTY,NSE,INDEX,NSE_INDEX,PAPER_ELIGIBLE,INDEX:MIDCAP,paper-strategy-8ade763620b6,opportunity-score-8ade763620b6,universe-a8e55c76a270,PAPER_OVERRIDE::FYERS_PAPER_PROXY_RESEARCH,PE,UNKNOWN,14825.0,0.0,False,,,Underlying move below identification minimum.,False,,,,,ATM IV unavailable.,54.6642,midcap_direction_proxy,PARTIAL_MIDCAP,39.5712,712afad509f5,WARMUP_OBSERVATIONS,0,0,0,80.0,65.0,1.0,1.6,70.0,65.0,35.0,50.0,inf,2.0,10.0,GLOBAL_POLICY_FLOOR>CLASS_FLOOR>INSTRUMENT_LEARNED_FLOOR; LOWER=max; UPPER=min,CONSTRAINED_WALK_FORWARD,WARMUP_OBSERVATIONS,,0,0,,,0.0,,FYERS_PAPER_PROXY_RESEARCH,FYERS_PAPER_RESEARCH_ONLY,COST_MODEL_UNVALIDATED,False,False,DISABLED,Daily market context is disabled until operator review,MANUAL_PROXY_RESEARCH,False,True,MEASURED,FIVE_LEVEL,FYERS_MARKET_DEPTH,5,5,360,240,1080,960,2026-08-19T04:20:59+00:00,IV_UNAVAILABLE,False,0,False,False,DATA_INVALID,7,DataHealth invalid; Contract invalid: Quote stale or spread hard rejected.; SideDirection hard reject: -15.1 < 65.0; PremiumElasticity hard reject: 0.30 < 1.00; Expected/Required hard reject: 1.08 < 1.60; TradeQuality below configured minimum; ConvexityEdge below excellent gate: 61.3 < 80.0,,
2026-08-19T09:51:33.443494+05:30,2026-08-19,MIDCPNIFTY,NSE,INDEX,NSE_INDEX,PAPER_ELIGIBLE,INDEX:MIDCAP,paper-strategy-8ade763620b6,opportunity-score-8ade763620b6,universe-a8e55c76a270,PAPER_OVERRIDE::FYERS_PAPER_PROXY_RESEARCH,CE,UNKNOWN,14875.0,15.1,False,,,No prior observation for contract.,False,,,,,ATM IV unavailable.,54.6642,midcap_direction_proxy,PARTIAL_MIDCAP,39.5712,712afad509f5,WARMUP_OBSERVATIONS,0,0,0,80.0,65.0,1.0,1.6,70.0,65.0,35.0,50.0,inf,2.0,10.0,GLOBAL_POLICY_FLOOR>CLASS_FLOOR>INSTRUMENT_LEARNED_FLOOR; LOWER=max; UPPER=min,CONSTRAINED_WALK_FORWARD,WARMUP_OBSERVATIONS,,0,0,,,0.0,,FYERS_PAPER_PROXY_RESEARCH,FYERS_PAPER_RESEARCH_ONLY,COST_MODEL_UNVALIDATED,False,False,DISABLED,Daily market context is disabled until operator review,MANUAL_PROXY_RESEARCH,False,True,MEASURED,FIVE_LEVEL,FYERS_MARKET_DEPTH,5,5,360,120,960,720,2026-08-19T04:20:58+00:00,IV_UNAVAILABLE,False,0,False,False,DATA_INVALID,7,DataHealth invalid; Contract invalid: Quote stale or spread hard rejected.; SideDirection hard reject: 15.1 < 65.0; PremiumElasticity hard reject: 0.30 < 1.00; Expected/Required hard reject: 1.08 < 1.60; TradeQuality below configured minimum; ConvexityEdge below excellent gate: 61.3 < 80.0,,
2026-08-19T09:51:33.443494+05:30,2026-08-19,ASIANPAINT,NSE,STOCK,NSE_STOCK_OPTION,PAPER_ELIGIBLE,STOCK:ASIANPAINT,paper-strategy-8ade763620b6,opportunity-score-8ade763620b6,universe-a8e55c76a270,PAPER_OVERRIDE::FYERS_PAPER_PROXY_RESEARCH,CE,UNKNOWN,2620.0,30.5,False,,,No prior observation for contract.,False,,,,,ATM IV unavailable.,,ASIANPAINT,NOT_CONFIGURED,,8512c046e489,WARMUP_OBSERVATIONS,0,0,0,90.0,65.0,1.0,1.6,70.0,65.0,35.0,50.0,inf,3.0,20.0,GLOBAL_POLICY_FLOOR>CLASS_FLOOR>INSTRUMENT_LEARNED_FLOOR; LOWER=max; UPPER=min,CONSTRAINED_WALK_FORWARD,WARMUP_OBSERVATIONS,,0,0,,,0.0,,FYERS_PAPER_PROXY_RESEARCH,FYERS_PAPER_RESEARCH_ONLY,COST_MODEL_UNVALIDATED,False,False,DISABLED,Daily market context is disabled until operator review,MANUAL_PROXY_RESEARCH,False,True,MEASURED,FIVE_LEVEL,FYERS_MARKET_DEPTH,5,5,250,750,1750,1750,2026-08-19T04:21:04+00:00,IV_UNAVAILABLE,False,0,False,False,DATA_INVALID,9,DataHealth invalid; Contract invalid: Quote stale or spread hard rejected.; SideDirection hard reject: 30.5 < 65.0; PremiumElasticity hard reject: 0.50 < 1.00; Expected/Required hard reject: 1.17 < 1.60; TradeQuality below configured minimum; ExecutionQuality below excellent gate: 43.1 < 80.0; ConvexityEdge below excellent gate: 78.3 < 80.0; RegimeFit below excellent gate: 60.0 < 70.0,,
2026-08-19T09:51:33.443494+05:30,2026-08-19,ASIANPAINT,NSE,STOCK,NSE_STOCK_OPTION,PAPER_ELIGIBLE,STOCK:ASIANPAINT,paper-strategy-8ade763620b6,opportunity-score-8ade763620b6,universe-a8e55c76a270,PAPER_OVERRIDE::FYERS_PAPER_PROXY_RESEARCH,PE,UNKNOWN,2620.0,0.0,False,,,No prior observation for contract.,False,,,,,ATM IV unavailable.,,ASIANPAINT,NOT_CONFIGURED,,8512c046e489,WARMUP_OBSERVATIONS,0,0,0,90.0,65.0,1.0,1.6,70.0,65.0,35.0,50.0,inf,3.0,20.0,GLOBAL_POLICY_FLOOR>CLASS_FLOOR>INSTRUMENT_LEARNED_FLOOR; LOWER=max; UPPER=min,CONSTRAINED_WALK_FORWARD,WARMUP_OBSERVATIONS,,0,0,,,0.0,,FYERS_PAPER_PROXY_RESEARCH,FYERS_PAPER_RESEARCH_ONLY,COST_MODEL_UNVALIDATED,False,False,DISABLED,Daily market context is disabled until operator review,MANUAL_PROXY_RESEARCH,False,True,MEASURED,FIVE_LEVEL,FYERS_MARKET_DEPTH,5,5,250,500,1500,2500,2026-08-19T04:20:34+00:00,IV_UNAVAILABLE,False,0,False,False,DATA_INVALID,11,DataHealth invalid; Contract invalid: Quote stale or spread hard rejected.; SideDirection hard reject: -30.5 < 65.0; PremiumElasticity hard reject: 0.50 < 1.00; Expected/Required hard reject: 1.17 < 1.60; TradeQuality below configured minimum; FinalConfidence below configured minimum; ExecutionQuality below excellent gate: 33.3 < 80.0; ConvexityEdge below excellent gate: 78.3 < 80.0; OpportunityConfidence below excellent gate: 61.8 < 70.0; RegimeFit below excellent gate: 60.0 < 70.0,,
2026-08-19T09:51:33.443494+05:30,2026-08-19,ASIANPAINT,NSE,STOCK,NSE_STOCK_OPTION,PAPER_ELIGIBLE,STOCK:ASIANPAINT,paper-strategy-8ade763620b6,opportunity-score-8ade763620b6,universe-a8e55c76a270,PAPER_OVERRIDE::FYERS_PAPER_PROXY_RESEARCH,CE,UNKNOWN,2600.0,30.5,False,,,No prior observation for contract.,False,,,,,ATM IV unavailable.,,ASIANPAINT,NOT_CONFIGURED,,8512c046e489,WARMUP_OBSERVATIONS,0,0,0,90.0,65.0,1.0,1.6,70.0,65.0,35.0,50.0,inf,3.0,20.0,GLOBAL_POLICY_FLOOR>CLASS_FLOOR>INSTRUMENT_LEARNED_FLOOR; LOWER=max; UPPER=min,CONSTRAINED_WALK_FORWARD,WARMUP_OBSERVATIONS,,0,0,,,0.0,,FYERS_PAPER_PROXY_RESEARCH,FYERS_PAPER_RESEARCH_ONLY,COST_MODEL_UNVALIDATED,False,False,DISABLED,Daily market context is disabled until operator review,MANUAL_PROXY_RESEARCH,False,True,MEASURED,FIVE_LEVEL,FYERS_MARKET_DEPTH,5,5,250,250,1750,1250,2026-08-19T04:20:51+00:00,IV_UNAVAILABLE,False,0,False,False,DATA_INVALID,9,DataHealth invalid; Contract invalid: Quote stale or spread hard rejected.; SideDirection hard reject: 30.5 < 65.0; PremiumElasticity hard reject: 0.70 < 1.00; Expected/Required hard reject: 1.17 < 1.60; TradeQuality below configured minimum; ExecutionQuality below excellent gate: 69.5 < 80.0; ConvexityEdge below excellent gate: 76.8 < 80.0; RegimeFit below excellent gate: 60.0 < 70.0,,
2026-08-19T09:51:33.443494+05:30,2026-08-19,ASIANPAINT,NSE,STOCK,NSE_STOCK_OPTION,PAPER_ELIGIBLE,STOCK:ASIANPAINT,paper-strategy-8ade763620b6,opportunity-score-8ade763620b6,universe-a8e55c76a270,PAPER_OVERRIDE::FYERS_PAPER_PROXY_RESEARCH,PE,UNKNOWN,2600.0,0.0,False,,,No prior observation for contract.,False,,,,,ATM IV unavailable.,,ASIANPAINT,NOT_CONFIGURED,,8512c046e489,WARMUP_OBSERVATIONS,0,0,0,90.0,65.0,1.0,1.6,70.0,65.0,35.0,50.0,inf,3.0,20.0,GLOBAL_POLICY_FLOOR>CLASS_FLOOR>INSTRUMENT_LEARNED_FLOOR; LOWER=max; UPPER=min,CONSTRAINED_WALK_FORWARD,WARMUP_OBSERVATIONS,,0,0,,,0.0,,FYERS_PAPER_PROXY_RESEARCH,FYERS_PAPER_RESEARCH_ONLY,COST_MODEL_UNVALIDATED,False,False,DISABLED,Daily market context is disabled until operator review,MANUAL_PROXY_RESEARCH,False,True,MEASURED,FIVE_LEVEL,FYERS_MARKET_DEPTH,5,5,250,500,1750,2250,2026-08-19T04:20:34+00:00,IV_UNAVAILABLE,False,0,False,False,DATA_INVALID,11,DataHealth invalid; Contract invalid: Quote stale or spread hard rejected.; SideDirection hard reject: -30.5 < 65.0; PremiumElasticity hard reject: 0.30 < 1.00; Expected/Required hard reject: 1.17 < 1.60; TradeQuality below configured minimum; FinalConfidence below configured minimum; ExecutionQuality below excellent gate: 12.5 < 80.0; ConvexityEdge below excellent gate: 62.3 < 80.0; OpportunityConfidence below excellent gate: 57.6 < 70.0; RegimeFit below excellent gate: 60.0 < 70.0,,
2026-08-19T09:51:33.443494+05:30,2026-08-19,ASIANPAINT,NSE,STOCK,NSE_STOCK_OPTION,PAPER_ELIGIBLE,STOCK:ASIANPAINT,paper-strategy-8ade763620b6,opportunity-score-8ade763620b6,universe-a8e55c76a270,PAPER_OVERRIDE::FYERS_PAPER_PROXY_RESEARCH,CE,UNKNOWN,2640.0,30.5,False,,,No prior observation for contract.,False,,,,,ATM IV unavailable.,,ASIANPAINT,NOT_CONFIGURED,,8512c046e489,WARMUP_OBSERVATIONS,0,0,0,90.0,65.0,1.0,1.6,70.0,65.0,35.0,50.0,inf,3.0,20.0,GLOBAL_POLICY_FLOOR>CLASS_FLOOR>INSTRUMENT_LEARNED_FLOOR; LOWER=max; UPPER=min,CONSTRAINED_WALK_FORWARD,WARMUP_OBSERVATIONS,,0,0,,,0.0,,FYERS_PAPER_PROXY_RESEARCH,FYERS_PAPER_RESEARCH_ONLY,COST_MODEL_UNVALIDATED,False,False,DISABLED,Daily market context is disabled until operator review,MANUAL_PROXY_RESEARCH,False,True,MEASURED,FIVE_LEVEL,FYERS_MARKET_DEPTH,5,5,500,500,2250,1500,2026-08-19T04:20:59+00:00,IV_UNAVAILABLE,False,0,False,False,DATA_INVALID,9,DataHealth invalid; Contract invalid: Quote stale or spread hard rejected.; SideDirection hard reject: 30.5 < 65.0; PremiumElasticity hard reject: 0.30 < 1.00; Expected/Required hard reject: 1.17 < 1.60; TradeQuality below configured minimum; ExecutionQuality below excellent gate: 56.5 < 80.0; ConvexityEdge below excellent gate: 62.3 < 80.0; RegimeFit below excellent gate: 60.0 < 70.0,,
2026-08-19T09:51:33.443494+05:30,2026-08-19,ASIANPAINT,NSE,STOCK,NSE_STOCK_OPTION,PAPER_ELIGIBLE,STOCK:ASIANPAINT,paper-strategy-8ade763620b6,opportunity-score-8ade763620b6,universe-a8e55c76a270,PAPER_OVERRIDE::FYERS_PAPER_PROXY_RESEARCH,PE,UNKNOWN,2640.0,0.0,False,,,No prior observation for contract.,False,,,,,ATM IV unavailable.,,ASIANPAINT,NOT_CONFIGURED,,8512c046e489,WARMUP_OBSERVATIONS,0,0,0,90.0,65.0,1.0,1.6,70.0,65.0,35.0,50.0,inf,3.0,20.0,GLOBAL_POLICY_FLOOR>CLASS_FLOOR>INSTRUMENT_LEARNED_FLOOR; LOWER=max; UPPER=min,CONSTRAINED_WALK_FORWARD,WARMUP_OBSERVATIONS,,0,0,,,0.0,,FYERS_PAPER_PROXY_RESEARCH,FYERS_PAPER_RESEARCH_ONLY,COST_MODEL_UNVALIDATED,False,False,DISABLED,Daily market context is disabled until operator review,MANUAL_PROXY_RESEARCH,False,True,MEASURED,FIVE_LEVEL,FYERS_MARKET_DEPTH,5,5,250,500,1750,1500,2026-08-19T04:20:27+00:00,IV_UNAVAILABLE,False,0,False,False,DATA_INVALID,11,DataHealth invalid; Contract invalid: Quote stale or spread hard rejected.; SideDirection hard reject: -30.5 < 65.0; PremiumElasticity hard reject: 0.70 < 1.00; Expected/Required hard reject: 1.17 < 1.60; TradeQuality below configured minimum; FinalConfidence below configured minimum; ExecutionQuality below excellent gate: 43.5 < 80.0; ConvexityEdge below excellent gate: 76.8 < 80.0; OpportunityConfidence below excellent gate: 63.6 < 70.0; RegimeFit below excellent gate: 60.0 < 70.0,,
2026-08-19T09:51:33.443494+05:30,2026-08-19,AXISBANK,NSE,STOCK,NSE_STOCK_OPTION,PAPER_ELIGIBLE,STOCK:AXISBANK,paper-strategy-8ade763620b6,opportunity-score-8ade763620b6,universe-a8e55c76a270,PAPER_OVERRIDE::FYERS_PAPER_PROXY_RESEARCH,PE,UNKNOWN,1260.0,0.0,False,,,No prior observation for contract.,False,,,,,ATM IV unavailable.,,AXISBANK,NOT_CONFIGURED,,cfeb90d03746,WARMUP_OBSERVATIONS,0,0,0,90.0,65.0,1.0,1.6,70.0,65.0,35.0,50.0,inf,3.0,20.0,GLOBAL_POLICY_FLOOR>CLASS_FLOOR>INSTRUMENT_LEARNED_FLOOR; LOWER=max; UPPER=min,CONSTRAINED_WALK_FORWARD,WARMUP_OBSERVATIONS,,0,0,,,0.0,,FYERS_PAPER_PROXY_RESEARCH,FYERS_PAPER_RESEARCH_ONLY,COST_MODEL_UNVALIDATED,False,False,DISABLED,Daily market context is disabled until operator review,MANUAL_PROXY_RESEARCH,False,True,MEASURED,FIVE_LEVEL,FYERS_MARKET_DEPTH,5,5,1250,625,5625,4375,2026-08-19T04:20:23+00:00,IV_UNAVAILABLE,False,0,False,False,DATA_INVALID,8,DataHealth invalid; Contract invalid: Quote stale or spread hard rejected.; SideDirection hard reject: -21.4 < 65.0; PremiumElasticity hard reject: 0.70 < 1.00; Expected/Required hard reject: 1.17 < 1.60; TradeQuality below configured minimum; ConvexityEdge below excellent gate: 76.8 < 80.0; RegimeFit below excellent gate: 60.0 < 70.0,,
2026-08-19T09:51:33.443494+05:30,2026-08-19,BAJAJ-AUTO,NSE,STOCK,NSE_STOCK_OPTION,PAPER_ELIGIBLE,STOCK:BAJAJ-AUTO,paper-strategy-8ade763620b6,opportunity-score-8ade763620b6,universe-a8e55c76a270,PAPER_OVERRIDE::FYERS_PAPER_PROXY_RESEARCH,PE,UNKNOWN,11600.0,0.0,False,,,No prior observation for contract.,False,,,,,ATM IV unavailable.,,BAJAJ-AUTO,NOT_CONFIGURED,,41f3d34033d6,WARMUP_OBSERVATIONS,0,0,0,90.0,65.0,1.0,1.6,70.0,65.0,35.0,50.0,inf,3.0,20.0,GLOBAL_POLICY_FLOOR>CLASS_FLOOR>INSTRUMENT_LEARNED_FLOOR; LOWER=max; UPPER=min,CONSTRAINED_WALK_FORWARD,WARMUP_OBSERVATIONS,,0,0,,,0.0,,FYERS_PAPER_PROXY_RESEARCH,FYERS_PAPER_RESEARCH_ONLY,COST_MODEL_UNVALIDATED,False,False,DISABLED,Daily market context is disabled until operator review,MANUAL_PROXY_RESEARCH,False,True,MEASURED,FIVE_LEVEL,FYERS_MARKET_DEPTH,5,5,75,75,375,375,2026-08-19T04:21:07+00:00,IV_UNAVAILABLE,False,0,False,False,DATA_INVALID,8,DataHealth invalid; Contract invalid: Quote stale or spread hard rejected.; SideDirection hard reject: -22.2 < 65.0; PremiumElasticity hard reject: 0.50 < 1.00; Expected/Required hard reject: 1.17 < 1.60; TradeQuality below configured minimum; ConvexityEdge below excellent gate: 78.3 < 80.0; RegimeFit below excellent gate: 60.0 < 70.0,,
2026-08-19T09:51:33.443494+05:30,2026-08-19,BAJAJ-AUTO,NSE,STOCK,NSE_STOCK_OPTION,PAPER_ELIGIBLE,STOCK:BAJAJ-AUTO,paper-strategy-8ade763620b6,opportunity-score-8ade763620b6,universe-a8e55c76a270,PAPER_OVERRIDE::FYERS_PAPER_PROXY_RESEARCH,CE,UNKNOWN,11700.0,22.2,False,,,No prior observation for contract.,False,,,,,ATM IV unavailable.,,BAJAJ-AUTO,NOT_CONFIGURED,,41f3d34033d6,WARMUP_OBSERVATIONS,0,0,0,90.0,65.0,1.0,1.6,70.0,65.0,35.0,50.0,inf,3.0,20.0,GLOBAL_POLICY_FLOOR>CLASS_FLOOR>INSTRUMENT_LEARNED_FLOOR; LOWER=max; UPPER=min,CONSTRAINED_WALK_FORWARD,WARMUP_OBSERVATIONS,,0,0,,,0.0,,FYERS_PAPER_PROXY_RESEARCH,FYERS_PAPER_RESEARCH_ONLY,COST_MODEL_UNVALIDATED,False,False,DISABLED,Daily market context is disabled until operator review,MANUAL_PROXY_RESEARCH,False,True,MEASURED,FIVE_LEVEL,FYERS_MARKET_DEPTH,5,5,75,150,525,525,2026-08-19T04:21:03+00:00,IV_UNAVAILABLE,False,0,False,False,DATA_INVALID,8,DataHealth invalid; Contract invalid: Quote stale or spread hard rejected.; SideDirection hard reject: 22.2 < 65.0; PremiumElasticity hard reject: 0.30 < 1.00; Expected/Required hard reject: 1.17 < 1.60; TradeQuality below configured minimum; ConvexityEdge below excellent gate: 62.3 < 80.0; RegimeFit below excellent gate: 60.0 < 70.0,,
2026-08-19T09:51:33.443494+05:30,2026-08-19,BAJAJFINSV,NSE,STOCK,NSE_STOCK_OPTION,PAPER_ELIGIBLE,STOCK:BAJAJFINSV,paper-strategy-8ade763620b6,opportunity-score-8ade763620b6,universe-a8e55c76a270,PAPER_OVERRIDE::FYERS_PAPER_PROXY_RESEARCH,CE,UNKNOWN,2000.0,18.5,False,,,No prior observation for contract.,False,,,,,ATM IV unavailable.,,BAJAJFINSV,NOT_CONFIGURED,,e97256bacfa6,WARMUP_OBSERVATIONS,0,0,0,90.0,65.0,1.0,1.6,70.0,65.0,35.0,50.0,inf,3.0,20.0,GLOBAL_POLICY_FLOOR>CLASS_FLOOR>INSTRUMENT_LEARNED_FLOOR; LOWER=max; UPPER=min,CONSTRAINED_WALK_FORWARD,WARMUP_OBSERVATIONS,,0,0,,,0.0,,FYERS_PAPER_PROXY_RESEARCH,FYERS_PAPER_RESEARCH_ONLY,COST_MODEL_UNVALIDATED,False,False,DISABLED,Daily market context is disabled until operator review,MANUAL_PROXY_RESEARCH,False,True,MEASURED,FIVE_LEVEL,FYERS_MARKET_DEPTH,5,5,300,300,1500,3000,2026-08-19T04:20:56+00:00,IV_UNAVAILABLE,False,0,False,False,DATA_INVALID,9,DataHealth invalid; Contract invalid: Quote stale or spread hard rejected.; SideDirection hard reject: 18.5 < 65.0; PremiumElasticity hard reject: 0.50 < 1.00; Expected/Required hard reject: 1.17 < 1.60; TradeQuality below configured minimum; ExecutionQuality below excellent gate: 70.8 < 80.0; ConvexityEdge below excellent gate: 78.3 < 80.0; RegimeFit below excellent gate: 60.0 < 70.0,,
2026-08-19T09:51:33.443494+05:30,2026-08-19,BAJAJFINSV,NSE,STOCK,NSE_STOCK_OPTION,PAPER_ELIGIBLE,STOCK:BAJAJFINSV,paper-strategy-8ade763620b6,opportunity-score-8ade763620b6,universe-a8e55c76a270,PAPER_OVERRIDE::FYERS_PAPER_PROXY_RESEARCH,PE,UNKNOWN,2000.0,0.0,False,,,No prior observation for contract.,False,,,,,ATM IV unavailable.,,BAJAJFINSV,NOT_CONFIGURED,,e97256bacfa6,WARMUP_OBSERVATIONS,0,0,0,90.0,65.0,1.0,1.6,70.0,65.0,35.0,50.0,inf,3.0,20.0,GLOBAL_POLICY_FLOOR>CLASS_FLOOR>INSTRUMENT_LEARNED_FLOOR; LOWER=max; UPPER=min,CONSTRAINED_WALK_FORWARD,WARMUP_OBSERVATIONS,,0,0,,,0.0,,FYERS_PAPER_PROXY_RESEARCH,FYERS_PAPER_RESEARCH_ONLY,COST_MODEL_UNVALIDATED,False,False,DISABLED,Daily market context is disabled until operator review,MANUAL_PROXY_RESEARCH,False,True,MEASURED,FIVE_LEVEL,FYERS_MARKET_DEPTH,5,5,600,300,3300,1800,2026-08-19T04:20:56+00:00,IV_UNAVAILABLE,False,0,False,False,DATA_INVALID,9,DataHealth invalid; Contract invalid: Quote stale or spread hard rejected.; SideDirection hard reject: -18.5 < 65.0; PremiumElasticity hard reject: 0.50 < 1.00; Expected/Required hard reject: 1.17 < 1.60; TradeQuality below configured minimum; ExecutionQuality below excellent gate: 58.5 < 80.0; ConvexityEdge below excellent gate: 78.3 < 80.0; RegimeFit below excellent gate: 60.0 < 70.0,,
2026-08-19T09:51:33.443494+05:30,2026-08-19,BAJAJFINSV,NSE,STOCK,NSE_STOCK_OPTION,PAPER_ELIGIBLE,STOCK:BAJAJFINSV,paper-strategy-8ade763620b6,opportunity-score-8ade763620b6,universe-a8e55c76a270,PAPER_OVERRIDE::FYERS_PAPER_PROXY_RESEARCH,CE,UNKNOWN,1980.0,18.5,False,,,No prior observation for contract.,False,,,,,ATM IV unavailable.,,BAJAJFINSV,NOT_CONFIGURED,,e97256bacfa6,WARMUP_OBSERVATIONS,0,0,0,90.0,65.0,1.0,1.6,70.0,65.0,35.0,50.0,inf,3.0,20.0,GLOBAL_POLICY_FLOOR>CLASS_FLOOR>INSTRUMENT_LEARNED_FLOOR; LOWER=max; UPPER=min,CONSTRAINED_WALK_FORWARD,WARMUP_OBSERVATIONS,,0,0,,,0.0,,FYERS_PAPER_PROXY_RESEARCH,FYERS_PAPER_RESEARCH_ONLY,COST_MODEL_UNVALIDATED,False,False,DISABLED,Daily market context is disabled until operator review,MANUAL_PROXY_RESEARCH,False,True,MEASURED,FIVE_LEVEL,FYERS_MARKET_DEPTH,5,5,300,300,1500,2400,2026-08-19T04:21:02+00:00,IV_UNAVAILABLE,False,0,False,False,DATA_INVALID,9,DataHealth invalid; Contract invalid: Quote stale or spread hard rejected.; SideDirection hard reject: 18.5 < 65.0; PremiumElasticity hard reject: 0.70 < 1.00; Expected/Required hard reject: 1.17 < 1.60; TradeQuality below configured minimum; ExecutionQuality below excellent gate: 66.9 < 80.0; ConvexityEdge below excellent gate: 76.8 < 80.0; RegimeFit below excellent gate: 60.0 < 70.0,,
2026-08-19T09:51:33.443494+05:30,2026-08-19,BAJAJFINSV,NSE,STOCK,NSE_STOCK_OPTION,PAPER_ELIGIBLE,STOCK:BAJAJFINSV,paper-strategy-8ade763620b6,opportunity-score-8ade763620b6,universe-a8e55c76a270,PAPER_OVERRIDE::FYERS_PAPER_PROXY_RESEARCH,PE,UNKNOWN,1980.0,0.0,False,,,No prior observation for contract.,False,,,,,ATM IV unavailable.,,BAJAJFINSV,NOT_CONFIGURED,,e97256bacfa6,WARMUP_OBSERVATIONS,0,0,0,90.0,65.0,1.0,1.6,70.0,65.0,35.0,50.0,inf,3.0,20.0,GLOBAL_POLICY_FLOOR>CLASS_FLOOR>INSTRUMENT_LEARNED_FLOOR; LOWER=max; UPPER=min,CONSTRAINED_WALK_FORWARD,WARMUP_OBSERVATIONS,,0,0,,,0.0,,FYERS_PAPER_PROXY_RESEARCH,FYERS_PAPER_RESEARCH_ONLY,COST_MODEL_UNVALIDATED,False,False,DISABLED,Daily market context is disabled until operator review,MANUAL_PROXY_RESEARCH,False,True,MEASURED,FIVE_LEVEL,FYERS_MARKET_DEPTH,5,5,300,300,2700,3000,2026-08-19T04:20:36+00:00,IV_UNAVAILABLE,False,0,False,False,DATA_INVALID,10,DataHealth invalid; Contract invalid: Quote stale or spread hard rejected.; SideDirection hard reject: -18.5 < 65.0; PremiumElasticity hard reject: 0.30 < 1.00; Expected/Required hard reject: 1.17 < 1.60; TradeQuality below configured minimum; ExecutionQuality below excellent gate: 41.7 < 80.0; ConvexityEdge below excellent gate: 62.3 < 80.0; OpportunityConfidence below excellent gate: 69.5 < 70.0; RegimeFit below excellent gate: 60.0 < 70.0,,
2026-08-19T09:51:33.443494+05:30,2026-08-19,BAJAJFINSV,NSE,STOCK,NSE_STOCK_OPTION,PAPER_ELIGIBLE,STOCK:BAJAJFINSV,paper-strategy-8ade763620b6,opportunity-score-8ade763620b6,universe-a8e55c76a270,PAPER_OVERRIDE::FYERS_PAPER_PROXY_RESEARCH,PE,UNKNOWN,2020.0,0.0,False,,,No prior observation for contract.,False,,,,,ATM IV unavailable.,,BAJAJFINSV,NOT_CONFIGURED,,e97256bacfa6,WARMUP_OBSERVATIONS,0,0,0,90.0,65.0,1.0,1.6,70.0,65.0,35.0,50.0,inf,3.0,20.0,GLOBAL_POLICY_FLOOR>CLASS_FLOOR>INSTRUMENT_LEARNED_FLOOR; LOWER=max; UPPER=min,CONSTRAINED_WALK_FORWARD,WARMUP_OBSERVATIONS,,0,0,,,0.0,,FYERS_PAPER_PROXY_RESEARCH,FYERS_PAPER_RESEARCH_ONLY,COST_MODEL_UNVALIDATED,False,False,DISABLED,Daily market context is disabled until operator review,MANUAL_PROXY_RESEARCH,False,True,MEASURED,FIVE_LEVEL,FYERS_MARKET_DEPTH,5,5,900,900,3300,2400,2026-08-19T04:19:16+00:00,IV_UNAVAILABLE,False,0,False,False,DATA_INVALID,9,DataHealth invalid; Contract invalid: Quote stale or spread hard rejected.; SideDirection hard reject: -18.5 < 65.0; PremiumElasticity hard reject: 0.70 < 1.00; Expected/Required hard reject: 1.17 < 1.60; TradeQuality below configured minimum; ExecutionQuality below excellent gate: 63.4 < 80.0; ConvexityEdge below excellent gate: 76.8 < 80.0; RegimeFit below excellent gate: 60.0 < 70.0,,
2026-08-19T09:51:33.443494+05:30,2026-08-19,CIPLA,NSE,STOCK,NSE_STOCK_OPTION,PAPER_ELIGIBLE,STOCK:CIPLA,paper-strategy-8ade763620b6,opportunity-score-8ade763620b6,universe-a8e55c76a270,PAPER_OVERRIDE::FYERS_PAPER_PROXY_RESEARCH,CE,UNKNOWN,1430.0,11.2,False,,,No prior observation for contract.,False,,,,,ATM IV unavailable.,,CIPLA,NOT_CONFIGURED,,fcbb76385597,WARMUP_OBSERVATIONS,0,0,0,90.0,65.0,1.0,1.6,70.0,65.0,35.0,50.0,inf,3.0,20.0,GLOBAL_POLICY_FLOOR>CLASS_FLOOR>INSTRUMENT_LEARNED_FLOOR; LOWER=max; UPPER=min,CONSTRAINED_WALK_FORWARD,WARMUP_OBSERVATIONS,,0,0,,,0.0,,FYERS_PAPER_PROXY_RESEARCH,FYERS_PAPER_RESEARCH_ONLY,COST_MODEL_UNVALIDATED,False,False,DISABLED,Daily market context is disabled until operator review,MANUAL_PROXY_RESEARCH,False,True,MEASURED,FIVE_LEVEL,FYERS_MARKET_DEPTH,5,5,1275,850,5950,5950,2026-08-19T04:20:34+00:00,IV_UNAVAILABLE,False,0,False,False,DATA_INVALID,9,DataHealth invalid; Contract invalid: Quote stale or spread hard rejected.; SideDirection hard reject: 11.2 < 65.0; PremiumElasticity hard reject: 0.50 < 1.00; Expected/Required hard reject: 1.17 < 1.60; TradeQuality below configured minimum; ExecutionQuality below excellent gate: 43.7 < 80.0; ConvexityEdge below excellent gate: 78.3 < 80.0; RegimeFit below excellent gate: 60.0 < 70.0,,
2026-08-19T09:53:08.715542+05:30,2026-08-19,NIFTY,NSE,INDEX,NSE_INDEX,PAPER_ELIGIBLE,INDEX:BROAD_EQUITY,paper-strategy-8ade763620b6,opportunity-score-8ade763620b6,universe-a8e55c76a270,PAPER_OVERRIDE::FYERS_PAPER_PROXY_RESEARCH,CE,UNKNOWN,24100.0,3.1,False,,,Underlying move below identification minimum.,False,,,,,ATM IV unavailable.,34.0000,nifty_leadership_proxy,VALID,30.9279,00929e22c867,WARMUP_OBSERVATIONS,8,1,0,80.0,65.0,1.0,1.6,70.0,65.0,35.0,50.0,inf,2.0,10.0,GLOBAL_POLICY_FLOOR>CLASS_FLOOR>INSTRUMENT_LEARNED_FLOOR; LOWER=max; UPPER=min,CONSTRAINED_WALK_FORWARD,WARMUP_OBSERVATIONS,,0,0,,,0.0,,FYERS_PAPER_PROXY_RESEARCH,FYERS_PAPER_RESEARCH_ONLY,COST_MODEL_UNVALIDATED,False,False,DISABLED,Daily market context is disabled until operator review,MANUAL_PROXY_RESEARCH,False,True,MEASURED,FIVE_LEVEL,FYERS_MARKET_DEPTH,5,5,65,585,7150,7410,2026-08-19T04:22:22+00:00,IV_UNAVAILABLE,False,0,False,False,DATA_INVALID,7,DataHealth invalid; Contract invalid: Quote stale or spread hard rejected.; SideDirection hard reject: 3.1 < 65.0; PremiumElasticity hard reject: 0.50 < 1.00; Expected/Required hard reject: 1.33 < 1.60; TradeQuality below configured minimum; ConvexityEdge below excellent gate: 78.3 < 80.0,,
2026-08-19T09:53:08.715542+05:30,2026-08-19,NIFTY,NSE,INDEX,NSE_INDEX,PAPER_ELIGIBLE,INDEX:BROAD_EQUITY,paper-strategy-8ade763620b6,opportunity-score-8ade763620b6,universe-a8e55c76a270,PAPER_OVERRIDE::FYERS_PAPER_PROXY_RESEARCH,PE,UNKNOWN,24100.0,0.0,False,,,Underlying move below identification minimum.,False,,,,,ATM IV unavailable.,34.0000,nifty_leadership_proxy,VALID,30.9279,00929e22c867,WARMUP_OBSERVATIONS,8,1,0,80.0,65.0,1.0,1.6,70.0,65.0,35.0,50.0,inf,2.0,10.0,GLOBAL_POLICY_FLOOR>CLASS_FLOOR>INSTRUMENT_LEARNED_FLOOR; LOWER=max; UPPER=min,CONSTRAINED_WALK_FORWARD,WARMUP_OBSERVATIONS,,0,0,,,0.0,,FYERS_PAPER_PROXY_RESEARCH,FYERS_PAPER_RESEARCH_ONLY,COST_MODEL_UNVALIDATED,False,False,DISABLED,Daily market context is disabled until operator review,MANUAL_PROXY_RESEARCH,False,True,MEASURED,FIVE_LEVEL,FYERS_MARKET_DEPTH,5,5,260,1105,12805,13780,2026-08-19T04:22:22+00:00,IV_UNAVAILABLE,False,0,False,False,DATA_INVALID,7,DataHealth invalid; Contract invalid: Quote stale or spread hard rejected.; SideDirection hard reject: -3.1 < 65.0; PremiumElasticity hard reject: 0.50 < 1.00; Expected/Required hard reject: 1.33 < 1.60; TradeQuality below configured minimum; ConvexityEdge below excellent gate: 78.3 < 80.0,,
2026-08-19T09:53:08.715542+05:30,2026-08-19,NIFTY,NSE,INDEX,NSE_INDEX,PAPER_ELIGIBLE,INDEX:BROAD_EQUITY,paper-strategy-8ade763620b6,opportunity-score-8ade763620b6,universe-a8e55c76a270,PAPER_OVERRIDE::FYERS_PAPER_PROXY_RESEARCH,CE,UNKNOWN,24050.0,3.1,False,,,Underlying move below identification minimum.,False,,,,,ATM IV unavailable.,34.0000,nifty_leadership_proxy,VALID,30.9279,00929e22c867,WARMUP_OBSERVATIONS,8,1,0,80.0,65.0,1.0,1.6,70.0,65.0,35.0,50.0,inf,2.0,10.0,GLOBAL_POLICY_FLOOR>CLASS_FLOOR>INSTRUMENT_LEARNED_FLOOR; LOWER=max; UPPER=min,CONSTRAINED_WALK_FORWARD,WARMUP_OBSERVATIONS,,0,0,,,0.0,,FYERS_PAPER_PROXY_RESEARCH,FYERS_PAPER_RESEARCH_ONLY,COST_MODEL_UNVALIDATED,False,False,DISABLED,Daily market context is disabled until operator review,MANUAL_PROXY_RESEARCH,False,True,MEASURED,FIVE_LEVEL,FYERS_MARKET_DEPTH,5,5,195,1105,6695,6760,2026-08-19T04:22:21+00:00,IV_UNAVAILABLE,False,0,False,False,DATA_INVALID,7,DataHealth invalid; Contract invalid: Quote stale or spread hard rejected.; SideDirection hard reject: 3.1 < 65.0; PremiumElasticity hard reject: 0.70 < 1.00; Expected/Required hard reject: 1.33 < 1.60; TradeQuality below configured minimum; ConvexityEdge below excellent gate: 76.8 < 80.0,,
2026-08-19T09:53:08.715542+05:30,2026-08-19,NIFTY,NSE,INDEX,NSE_INDEX,PAPER_ELIGIBLE,INDEX:BROAD_EQUITY,paper-strategy-8ade763620b6,opportunity-score-8ade763620b6,universe-a8e55c76a270,PAPER_OVERRIDE::FYERS_PAPER_PROXY_RESEARCH,PE,UNKNOWN,24150.0,0.0,False,,,Underlying move below identification minimum.,False,,,,,ATM IV unavailable.,34.0000,nifty_leadership_proxy,VALID,30.9279,00929e22c867,WARMUP_OBSERVATIONS,8,1,0,80.0,65.0,1.0,1.6,70.0,65.0,35.0,50.0,inf,2.0,10.0,GLOBAL_POLICY_FLOOR>CLASS_FLOOR>INSTRUMENT_LEARNED_FLOOR; LOWER=max; UPPER=min,CONSTRAINED_WALK_FORWARD,WARMUP_OBSERVATIONS,,0,0,,,0.0,,FYERS_PAPER_PROXY_RESEARCH,FYERS_PAPER_RESEARCH_ONLY,COST_MODEL_UNVALIDATED,False,False,DISABLED,Daily market context is disabled until operator review,MANUAL_PROXY_RESEARCH,False,True,MEASURED,FIVE_LEVEL,FYERS_MARKET_DEPTH,5,5,2340,195,8970,6175,2026-08-19T04:22:24+00:00,IV_UNAVAILABLE,False,0,False,False,DATA_INVALID,7,DataHealth invalid; Contract invalid: Quote stale or spread hard rejected.; SideDirection hard reject: -3.1 < 65.0; PremiumElasticity hard reject: 0.70 < 1.00; Expected/Required hard reject: 1.33 < 1.60; TradeQuality below configured minimum; ConvexityEdge below excellent gate: 76.8 < 80.0,,
2026-08-19T09:53:08.715542+05:30,2026-08-19,BANKNIFTY,NSE,INDEX,NSE_INDEX,PAPER_ELIGIBLE,INDEX:BANKING,paper-strategy-8ade763620b6,opportunity-score-8ade763620b6,universe-a8e55c76a270,PAPER_OVERRIDE::FYERS_PAPER_PROXY_RESEARCH,PE,UNKNOWN,57200.0,0.0,False,,,Underlying move below identification minimum.,False,,,,,ATM IV unavailable.,19.5290,banknifty_fast_wbci,VALID,8.4899,2e840ccd58d1,WARMUP_OBSERVATIONS,3,1,0,80.0,65.0,1.0,1.6,70.0,65.0,35.0,50.0,inf,2.0,10.0,GLOBAL_POLICY_FLOOR>CLASS_FLOOR>INSTRUMENT_LEARNED_FLOOR; LOWER=max; UPPER=min,CONSTRAINED_WALK_FORWARD,WARMUP_OBSERVATIONS,,0,0,,,0.0,,FYERS_PAPER_PROXY_RESEARCH,FYERS_PAPER_RESEARCH_ONLY,COST_MODEL_UNVALIDATED,False,False,DISABLED,Daily market context is disabled until operator review,MANUAL_PROXY_RESEARCH,False,True,MEASURED,FIVE_LEVEL,FYERS_MARKET_DEPTH,5,5,30,30,210,240,2026-08-19T04:22:28+00:00,IV_UNAVAILABLE,False,0,False,False,DATA_INVALID,7,DataHealth invalid; Contract invalid: Quote stale or spread hard rejected.; SideDirection hard reject: -11.0 < 65.0; PremiumElasticity hard reject: 0.50 < 1.00; Expected/Required hard reject: 1.42 < 1.60; TradeQuality below configured minimum; ConvexityEdge below excellent gate: 78.3 < 80.0,,
2026-08-19T09:53:08.715542+05:30,2026-08-19,BANKNIFTY,NSE,INDEX,NSE_INDEX,PAPER_ELIGIBLE,INDEX:BANKING,paper-strategy-8ade763620b6,opportunity-score-8ade763620b6,universe-a8e55c76a270,PAPER_OVERRIDE::FYERS_PAPER_PROXY_RESEARCH,PE,UNKNOWN,57100.0,0.0,False,,,Underlying move below identification minimum.,False,,,,,ATM IV unavailable.,19.5290,banknifty_fast_wbci,VALID,8.4899,2e840ccd58d1,WARMUP_OBSERVATIONS,3,1,0,80.0,65.0,1.0,1.6,70.0,65.0,35.0,50.0,inf,2.0,10.0,GLOBAL_POLICY_FLOOR>CLASS_FLOOR>INSTRUMENT_LEARNED_FLOOR; LOWER=max; UPPER=min,CONSTRAINED_WALK_FORWARD,WARMUP_OBSERVATIONS,,0,0,,,0.0,,FYERS_PAPER_PROXY_RESEARCH,FYERS_PAPER_RESEARCH_ONLY,COST_MODEL_UNVALIDATED,False,False,DISABLED,Daily market context is disabled until operator review,MANUAL_PROXY_RESEARCH,False,True,MEASURED,FIVE_LEVEL,FYERS_MARKET_DEPTH,5,5,30,30,390,240,2026-08-19T04:22:27+00:00,IV_UNAVAILABLE,False,0,False,False,DATA_INVALID,7,DataHealth invalid; Contract invalid: Quote stale or spread hard rejected.; SideDirection hard reject: -11.0 < 65.0; PremiumElasticity hard reject: 0.30 < 1.00; Expected/Required hard reject: 1.42 < 1.60; TradeQuality below configured minimum; ConvexityEdge below excellent gate: 62.3 < 80.0,,
2026-08-19T09:53:08.715542+05:30,2026-08-19,BANKNIFTY,NSE,INDEX,NSE_INDEX,PAPER_ELIGIBLE,INDEX:BANKING,paper-strategy-8ade763620b6,opportunity-score-8ade763620b6,universe-a8e55c76a270,PAPER_OVERRIDE::FYERS_PAPER_PROXY_RESEARCH,PE,UNKNOWN,57300.0,0.0,False,,,Underlying move below identification minimum.,False,,,,,ATM IV unavailable.,19.5290,banknifty_fast_wbci,VALID,8.4899,2e840ccd58d1,WARMUP_OBSERVATIONS,3,1,0,80.0,65.0,1.0,1.6,70.0,65.0,35.0,50.0,inf,2.0,10.0,GLOBAL_POLICY_FLOOR>CLASS_FLOOR>INSTRUMENT_LEARNED_FLOOR; LOWER=max; UPPER=min,CONSTRAINED_WALK_FORWARD,WARMUP_OBSERVATIONS,,0,0,,,0.0,,FYERS_PAPER_PROXY_RESEARCH,FYERS_PAPER_RESEARCH_ONLY,COST_MODEL_UNVALIDATED,False,False,DISABLED,Daily market context is disabled until operator review,MANUAL_PROXY_RESEARCH,False,True,MEASURED,FIVE_LEVEL,FYERS_MARKET_DEPTH,5,5,90,60,330,210,2026-08-19T04:22:29+00:00,IV_UNAVAILABLE,False,0,False,False,DATA_INVALID,7,DataHealth invalid; Contract invalid: Quote stale or spread hard rejected.; SideDirection hard reject: -11.0 < 65.0; PremiumElasticity hard reject: 0.70 < 1.00; Expected/Required hard reject: 1.42 < 1.60; TradeQuality below configured minimum; ConvexityEdge below excellent gate: 76.8 < 80.0,,
2026-08-19T09:53:08.715542+05:30,2026-08-19,MIDCPNIFTY,NSE,INDEX,NSE_INDEX,PAPER_ELIGIBLE,INDEX:MIDCAP,paper-strategy-8ade763620b6,opportunity-score-8ade763620b6,universe-a8e55c76a270,PAPER_OVERRIDE::FYERS_PAPER_PROXY_RESEARCH,CE,UNKNOWN,14850.0,10.6,False,,,Underlying move below identification minimum.,False,,,,,ATM IV unavailable.,11.1775,midcap_direction_proxy,PARTIAL_MIDCAP,0.5721,712afad509f5,WARMUP_OBSERVATIONS,7,1,0,80.0,65.0,1.0,1.6,70.0,65.0,35.0,50.0,inf,2.0,10.0,GLOBAL_POLICY_FLOOR>CLASS_FLOOR>INSTRUMENT_LEARNED_FLOOR; LOWER=max; UPPER=min,CONSTRAINED_WALK_FORWARD,WARMUP_OBSERVATIONS,,0,0,,,0.0,,FYERS_PAPER_PROXY_RESEARCH,FYERS_PAPER_RESEARCH_ONLY,COST_MODEL_UNVALIDATED,False,False,DISABLED,Daily market context is disabled until operator review,MANUAL_PROXY_RESEARCH,False,True,MEASURED,FIVE_LEVEL,FYERS_MARKET_DEPTH,5,5,120,360,960,1440,2026-08-19T04:22:35+00:00,IV_UNAVAILABLE,False,0,False,False,DATA_INVALID,7,DataHealth invalid; Contract invalid: Quote stale or spread hard rejected.; SideDirection hard reject: 10.6 < 65.0; PremiumElasticity hard reject: 0.50 < 1.00; Expected/Required hard reject: 1.08 < 1.60; TradeQuality below configured minimum; ConvexityEdge below excellent gate: 77.3 < 80.0,,
2026-08-19T09:53:08.715542+05:30,2026-08-19,MIDCPNIFTY,NSE,INDEX,NSE_INDEX,PAPER_ELIGIBLE,INDEX:MIDCAP,paper-strategy-8ade763620b6,opportunity-score-8ade763620b6,universe-a8e55c76a270,PAPER_OVERRIDE::FYERS_PAPER_PROXY_RESEARCH,PE,UNKNOWN,14850.0,0.0,False,,,Underlying move below identification minimum.,False,,,,,ATM IV unavailable.,11.1775,midcap_direction_proxy,PARTIAL_MIDCAP,0.5721,712afad509f5,WARMUP_OBSERVATIONS,7,1,0,80.0,65.0,1.0,1.6,70.0,65.0,35.0,50.0,inf,2.0,10.0,GLOBAL_POLICY_FLOOR>CLASS_FLOOR>INSTRUMENT_LEARNED_FLOOR; LOWER=max; UPPER=min,CONSTRAINED_WALK_FORWARD,WARMUP_OBSERVATIONS,,0,0,,,0.0,,FYERS_PAPER_PROXY_RESEARCH,FYERS_PAPER_RESEARCH_ONLY,COST_MODEL_UNVALIDATED,False,False,DISABLED,Daily market context is disabled until operator review,MANUAL_PROXY_RESEARCH,False,True,MEASURED,FIVE_LEVEL,FYERS_MARKET_DEPTH,5,5,240,240,1080,1080,2026-08-19T04:22:35+00:00,IV_UNAVAILABLE,False,0,False,False,DATA_INVALID,7,DataHealth invalid; Contract invalid: Quote stale or spread hard rejected.; SideDirection hard reject: -10.6 < 65.0; PremiumElasticity hard reject: 0.50 < 1.00; Expected/Required hard reject: 1.08 < 1.60; TradeQuality below configured minimum; ConvexityEdge below excellent gate: 77.3 < 80.0,,
2026-08-19T09:53:08.715542+05:30,2026-08-19,MIDCPNIFTY,NSE,INDEX,NSE_INDEX,PAPER_ELIGIBLE,INDEX:MIDCAP,paper-strategy-8ade763620b6,opportunity-score-8ade763620b6,universe-a8e55c76a270,PAPER_OVERRIDE::FYERS_PAPER_PROXY_RESEARCH,CE,UNKNOWN,14825.0,10.6,False,,,Underlying move below identification minimum.,False,,,,,ATM IV unavailable.,11.1775,midcap_direction_proxy,PARTIAL_MIDCAP,0.5721,712afad509f5,WARMUP_OBSERVATIONS,7,1,0,80.0,65.0,1.0,1.6,70.0,65.0,35.0,50.0,inf,2.0,10.0,GLOBAL_POLICY_FLOOR>CLASS_FLOOR>INSTRUMENT_LEARNED_FLOOR; LOWER=max; UPPER=min,CONSTRAINED_WALK_FORWARD,WARMUP_OBSERVATIONS,,0,0,,,0.0,,FYERS_PAPER_PROXY_RESEARCH,FYERS_PAPER_RESEARCH_ONLY,COST_MODEL_UNVALIDATED,False,False,DISABLED,Daily market context is disabled until operator review,MANUAL_PROXY_RESEARCH,False,True,MEASURED,FIVE_LEVEL,FYERS_MARKET_DEPTH,5,5,120,360,600,1320,2026-08-19T04:22:31+00:00,IV_UNAVAILABLE,False,0,False,False,DATA_INVALID,7,DataHealth invalid; Contract invalid: Quote stale or spread hard rejected.; SideDirection hard reject: 10.6 < 65.0; PremiumElasticity hard reject: 0.70 < 1.00; Expected/Required hard reject: 1.08 < 1.60; TradeQuality below configured minimum; ConvexityEdge below excellent gate: 75.8 < 80.0,,
2026-08-19T09:53:08.715542+05:30,2026-08-19,MIDCPNIFTY,NSE,INDEX,NSE_INDEX,PAPER_ELIGIBLE,INDEX:MIDCAP,paper-strategy-8ade763620b6,opportunity-score-8ade763620b6,universe-a8e55c76a270,PAPER_OVERRIDE::FYERS_PAPER_PROXY_RESEARCH,PE,UNKNOWN,14825.0,0.0,False,,,Underlying move below identification minimum.,False,,,,,ATM IV unavailable.,11.1775,midcap_direction_proxy,PARTIAL_MIDCAP,0.5721,712afad509f5,WARMUP_OBSERVATIONS,7,1,0,80.0,65.0,1.0,1.6,70.0,65.0,35.0,50.0,inf,2.0,10.0,GLOBAL_POLICY_FLOOR>CLASS_FLOOR>INSTRUMENT_LEARNED_FLOOR; LOWER=max; UPPER=min,CONSTRAINED_WALK_FORWARD,WARMUP_OBSERVATIONS,,0,0,,,0.0,,FYERS_PAPER_PROXY_RESEARCH,FYERS_PAPER_RESEARCH_ONLY,COST_MODEL_UNVALIDATED,False,False,DISABLED,Daily market context is disabled until operator review,MANUAL_PROXY_RESEARCH,False,True,MEASURED,FIVE_LEVEL,FYERS_MARKET_DEPTH,5,5,240,120,1440,840,2026-08-19T04:22:30+00:00,IV_UNAVAILABLE,False,0,False,False,DATA_INVALID,7,DataHealth invalid; Contract invalid: Quote stale or spread hard rejected.; SideDirection hard reject: -10.6 < 65.0; PremiumElasticity hard reject: 0.30 < 1.00; Expected/Required hard reject: 1.08 < 1.60; TradeQuality below configured minimum; ConvexityEdge below excellent gate: 61.3 < 80.0,,
2026-08-19T09:53:08.715542+05:30,2026-08-19,MIDCPNIFTY,NSE,INDEX,NSE_INDEX,PAPER_ELIGIBLE,INDEX:MIDCAP,paper-strategy-8ade763620b6,opportunity-score-8ade763620b6,universe-a8e55c76a270,PAPER_OVERRIDE::FYERS_PAPER_PROXY_RESEARCH,CE,UNKNOWN,14875.0,10.6,False,,,Underlying move below identification minimum.,False,,,,,ATM IV unavailable.,11.1775,midcap_direction_proxy,PARTIAL_MIDCAP,0.5721,712afad509f5,WARMUP_OBSERVATIONS,7,1,0,80.0,65.0,1.0,1.6,70.0,65.0,35.0,50.0,inf,2.0,10.0,GLOBAL_POLICY_FLOOR>CLASS_FLOOR>INSTRUMENT_LEARNED_FLOOR; LOWER=max; UPPER=min,CONSTRAINED_WALK_FORWARD,WARMUP_OBSERVATIONS,,0,0,,,0.0,,FYERS_PAPER_PROXY_RESEARCH,FYERS_PAPER_RESEARCH_ONLY,COST_MODEL_UNVALIDATED,False,False,DISABLED,Daily market context is disabled until operator review,MANUAL_PROXY_RESEARCH,False,True,MEASURED,FIVE_LEVEL,FYERS_MARKET_DEPTH,5,5,240,360,720,1320,2026-08-19T04:22:31+00:00,IV_UNAVAILABLE,False,0,False,False,DATA_INVALID,7,DataHealth invalid; Contract invalid: Quote stale or spread hard rejected.; SideDirection hard reject: 10.6 < 65.0; PremiumElasticity hard reject: 0.30 < 1.00; Expected/Required hard reject: 1.08 < 1.60; TradeQuality below configured minimum; ConvexityEdge below excellent gate: 61.3 < 80.0,,
2026-08-19T09:53:08.715542+05:30,2026-08-19,DRREDDY,NSE,STOCK,NSE_STOCK_OPTION,PAPER_ELIGIBLE,STOCK:DRREDDY,paper-strategy-8ade763620b6,opportunity-score-8ade763620b6,universe-a8e55c76a270,PAPER_OVERRIDE::FYERS_PAPER_PROXY_RESEARCH,CE,UNKNOWN,1170.0,10.2,False,,,No prior observation for contract.,False,,,,,ATM IV unavailable.,,DRREDDY,NOT_CONFIGURED,,97ea730b14bf,WARMUP_OBSERVATIONS,0,0,0,90.0,65.0,1.0,1.6,70.0,65.0,35.0,50.0,inf,3.0,20.0,GLOBAL_POLICY_FLOOR>CLASS_FLOOR>INSTRUMENT_LEARNED_FLOOR; LOWER=max; UPPER=min,CONSTRAINED_WALK_FORWARD,WARMUP_OBSERVATIONS,,0,0,,,0.0,,FYERS_PAPER_PROXY_RESEARCH,FYERS_PAPER_RESEARCH_ONLY,COST_MODEL_UNVALIDATED,False,False,DISABLED,Daily market context is disabled until operator review,MANUAL_PROXY_RESEARCH,False,True,MEASURED,FIVE_LEVEL,FYERS_MARKET_DEPTH,5,5,1250,625,8125,3750,2026-08-19T04:21:48+00:00,IV_UNAVAILABLE,False,0,False,False,DATA_INVALID,10,DataHealth invalid; Contract invalid: Quote stale or spread hard rejected.; SideDirection hard reject: 10.2 < 65.0; PremiumElasticity hard reject: 0.70 < 1.00; Expected/Required hard reject: 1.17 < 1.60; TradeQuality below configured minimum; ExecutionQuality below excellent gate: 25.7 < 80.0; ConvexityEdge below excellent gate: 76.8 < 80.0; OpportunityConfidence below excellent gate: 66.5 < 70.0; RegimeFit below excellent gate: 60.0 < 70.0,,
2026-08-19T09:53:08.715542+05:30,2026-08-19,EICHERMOT,NSE,STOCK,NSE_STOCK_OPTION,PAPER_ELIGIBLE,STOCK:EICHERMOT,paper-strategy-8ade763620b6,opportunity-score-8ade763620b6,universe-a8e55c76a270,PAPER_OVERRIDE::FYERS_PAPER_PROXY_RESEARCH,PE,UNKNOWN,7900.0,0.0,False,,,No prior observation for contract.,False,,,,,ATM IV unavailable.,,EICHERMOT,NOT_CONFIGURED,,9ae09e86b9c0,WARMUP_OBSERVATIONS,0,0,0,90.0,65.0,1.0,1.6,70.0,65.0,35.0,50.0,inf,3.0,20.0,GLOBAL_POLICY_FLOOR>CLASS_FLOOR>INSTRUMENT_LEARNED_FLOOR; LOWER=max; UPPER=min,CONSTRAINED_WALK_FORWARD,WARMUP_OBSERVATIONS,,0,0,,,0.0,,FYERS_PAPER_PROXY_RESEARCH,FYERS_PAPER_RESEARCH_ONLY,COST_MODEL_UNVALIDATED,False,False,DISABLED,Daily market context is disabled until operator review,MANUAL_PROXY_RESEARCH,False,True,MEASURED,FIVE_LEVEL,FYERS_MARKET_DEPTH,5,5,100,100,600,500,2026-08-19T04:22:45+00:00,IV_UNAVAILABLE,False,0,False,False,DATA_INVALID,11,DataHealth invalid; Contract invalid: Quote stale or spread hard rejected.; SideDirection hard reject: -7.0 < 65.0; PremiumElasticity hard reject: 0.30 < 1.00; Expected/Required hard reject: 1.17 < 1.60; TradeQuality below configured minimum; FinalConfidence below configured minimum; ExecutionQuality below excellent gate: 59.3 < 80.0; ConvexityEdge below excellent gate: 62.3 < 80.0; OpportunityConfidence below excellent gate: 61.2 < 70.0; RegimeFit below excellent gate: 60.0 < 70.0,,
2026-08-19T09:53:08.715542+05:30,2026-08-19,EICHERMOT,NSE,STOCK,NSE_STOCK_OPTION,PAPER_ELIGIBLE,STOCK:EICHERMOT,paper-strategy-8ade763620b6,opportunity-score-8ade763620b6,universe-a8e55c76a270,PAPER_OVERRIDE::FYERS_PAPER_PROXY_RESEARCH,CE,UNKNOWN,8100.0,7.0,False,,,No prior observation for contract.,False,,,,,ATM IV unavailable.,,EICHERMOT,NOT_CONFIGURED,,9ae09e86b9c0,WARMUP_OBSERVATIONS,0,0,0,90.0,65.0,1.0,1.6,70.0,65.0,35.0,50.0,inf,3.0,20.0,GLOBAL_POLICY_FLOOR>CLASS_FLOOR>INSTRUMENT_LEARNED_FLOOR; LOWER=max; UPPER=min,CONSTRAINED_WALK_FORWARD,WARMUP_OBSERVATIONS,,0,0,,,0.0,,FYERS_PAPER_PROXY_RESEARCH,FYERS_PAPER_RESEARCH_ONLY,COST_MODEL_UNVALIDATED,False,False,DISABLED,Daily market context is disabled until operator review,MANUAL_PROXY_RESEARCH,False,True,MEASURED,FIVE_LEVEL,FYERS_MARKET_DEPTH,5,5,100,100,1100,3500,2026-08-19T04:22:25+00:00,IV_UNAVAILABLE,False,0,False,False,DATA_INVALID,9,DataHealth invalid; Contract invalid: Quote stale or spread hard rejected.; SideDirection hard reject: 7.0 < 65.0; PremiumElasticity hard reject: 0.30 < 1.00; Expected/Required hard reject: 1.17 < 1.60; TradeQuality below configured minimum; ConvexityEdge below excellent gate: 62.3 < 80.0; OpportunityConfidence below excellent gate: 68.3 < 70.0; RegimeFit below excellent gate: 60.0 < 70.0,,
2026-08-19T09:53:08.715542+05:30,2026-08-19,GRASIM,NSE,STOCK,NSE_STOCK_OPTION,PAPER_ELIGIBLE,STOCK:GRASIM,paper-strategy-8ade763620b6,opportunity-score-8ade763620b6,universe-a8e55c76a270,PAPER_OVERRIDE::FYERS_PAPER_PROXY_RESEARCH,CE,UNKNOWN,3260.0,0.0,False,,,No prior observation for contract.,False,,,,,ATM IV unavailable.,,GRASIM,NOT_CONFIGURED,,3f3175605513,WARMUP_OBSERVATIONS,0,0,0,90.0,65.0,1.0,1.6,70.0,65.0,35.0,50.0,inf,3.0,20.0,GLOBAL_POLICY_FLOOR>CLASS_FLOOR>INSTRUMENT_LEARNED_FLOOR; LOWER=max; UPPER=min,CONSTRAINED_WALK_FORWARD,WARMUP_OBSERVATIONS,,0,0,,,0.0,,FYERS_PAPER_PROXY_RESEARCH,FYERS_PAPER_RESEARCH_ONLY,COST_MODEL_UNVALIDATED,False,False,DISABLED,Daily market context is disabled until operator review,MANUAL_PROXY_RESEARCH,False,True,MEASURED,FIVE_LEVEL,FYERS_MARKET_DEPTH,5,5,250,250,1750,1250,2026-08-19T04:21:54+00:00,IV_UNAVAILABLE,False,0,False,False,DATA_INVALID,11,DataHealth invalid; Contract invalid: Quote stale or spread hard rejected.; SideDirection hard reject: -2.2 < 65.0; PremiumElasticity hard reject: 0.50 < 1.00; Expected/Required hard reject: 1.17 < 1.60; TradeQuality below configured minimum; FinalConfidence below configured minimum; ExecutionQuality below excellent gate: 70.4 < 80.0; ConvexityEdge below excellent gate: 78.3 < 80.0; OpportunityConfidence below excellent gate: 61.9 < 70.0; RegimeFit below excellent gate: 60.0 < 70.0,,
2026-08-19T09:53:08.715542+05:30,2026-08-19,GRASIM,NSE,STOCK,NSE_STOCK_OPTION,PAPER_ELIGIBLE,STOCK:GRASIM,paper-strategy-8ade763620b6,opportunity-score-8ade763620b6,universe-a8e55c76a270,PAPER_OVERRIDE::FYERS_PAPER_PROXY_RESEARCH,PE,UNKNOWN,3240.0,2.2,False,,,No prior observation for contract.,False,,,,,ATM IV unavailable.,,GRASIM,NOT_CONFIGURED,,3f3175605513,WARMUP_OBSERVATIONS,0,0,0,90.0,65.0,1.0,1.6,70.0,65.0,35.0,50.0,inf,3.0,20.0,GLOBAL_POLICY_FLOOR>CLASS_FLOOR>INSTRUMENT_LEARNED_FLOOR; LOWER=max; UPPER=min,CONSTRAINED_WALK_FORWARD,WARMUP_OBSERVATIONS,,0,0,,,0.0,,FYERS_PAPER_PROXY_RESEARCH,FYERS_PAPER_RESEARCH_ONLY,COST_MODEL_UNVALIDATED,False,False,DISABLED,Daily market context is disabled until operator review,MANUAL_PROXY_RESEARCH,False,True,MEASURED,FIVE_LEVEL,FYERS_MARKET_DEPTH,5,5,500,500,1750,1500,2026-08-19T04:22:02+00:00,IV_UNAVAILABLE,False,0,False,False,DATA_INVALID,11,DataHealth invalid; Contract invalid: Quote stale or spread hard rejected.; SideDirection hard reject: 2.2 < 65.0; PremiumElasticity hard reject: 0.30 < 1.00; Expected/Required hard reject: 1.17 < 1.60; TradeQuality below configured minimum; FinalConfidence below configured minimum; ExecutionQuality below excellent gate: 19.4 < 80.0; ConvexityEdge below excellent gate: 62.3 < 80.0; OpportunityConfidence below excellent gate: 53.4 < 70.0; RegimeFit below excellent gate: 60.0 < 70.0,,
2026-08-19T09:53:08.715542+05:30,2026-08-19,GRASIM,NSE,STOCK,NSE_STOCK_OPTION,PAPER_ELIGIBLE,STOCK:GRASIM,paper-strategy-8ade763620b6,opportunity-score-8ade763620b6,universe-a8e55c76a270,PAPER_OVERRIDE::FYERS_PAPER_PROXY_RESEARCH,CE,UNKNOWN,3280.0,0.0,False,,,No prior observation for contract.,False,,,,,ATM IV unavailable.,,GRASIM,NOT_CONFIGURED,,3f3175605513,WARMUP_OBSERVATIONS,0,0,0,90.0,65.0,1.0,1.6,70.0,65.0,35.0,50.0,inf,3.0,20.0,GLOBAL_POLICY_FLOOR>CLASS_FLOOR>INSTRUMENT_LEARNED_FLOOR; LOWER=max; UPPER=min,CONSTRAINED_WALK_FORWARD,WARMUP_OBSERVATIONS,,0,0,,,0.0,,FYERS_PAPER_PROXY_RESEARCH,FYERS_PAPER_RESEARCH_ONLY,COST_MODEL_UNVALIDATED,False,False,DISABLED,Daily market context is disabled until operator review,MANUAL_PROXY_RESEARCH,False,True,MEASURED,FIVE_LEVEL,FYERS_MARKET_DEPTH,5,5,500,750,1750,2000,2026-08-19T04:22:05+00:00,IV_UNAVAILABLE,False,0,False,False,DATA_INVALID,11,DataHealth invalid; Contract invalid: Quote stale or spread hard rejected.; SideDirection hard reject: -2.2 < 65.0; PremiumElasticity hard reject: 0.30 < 1.00; Expected/Required hard reject: 1.17 < 1.60; TradeQuality below configured minimum; FinalConfidence below configured minimum; ExecutionQuality below excellent gate: 72.8 < 80.0; ConvexityEdge below excellent gate: 62.3 < 80.0; OpportunityConfidence below excellent gate: 62.6 < 70.0; RegimeFit below excellent gate: 60.0 < 70.0,,
