ts,date,underlying,exchange,instrument_kind,instrument_class,lifecycle_state,exposure_group,strategy_version,score_version,universe_version,parameter_profile,side,setup_type,strike,expiry,dte,grade,comparable_score,opportunity_score,threshold,eligible,decision,direction,direction_model_score,direction_model_name,direction_model_status,direction_model_disagreement,gate_snapshot_id,gate_learning_status,gate_learning_observations,gate_learning_sessions,gate_learning_outcomes,gate_contract_quality_min,gate_direction_min,gate_premium_elasticity_min,gate_expected_required_ratio_min,gate_trade_quality_min,gate_final_confidence_min,gate_market_hostility_max,gate_iv_crush_max,gate_min_top_book_lots,gate_min_5depth_lots_each_side,cost_model_status,cost_model_valid,canonical_promotion_allowed,iv_context_status,iv_context_reason,iv_context_source,trade_quality,market_hostility,iv_crush,convexity,execution,confidence,regime_fit,premium_elasticity,expected_move,required_move,exp_req_ratio,bid,ask,mid,spread_pct,depth_evidence,depth_source,depth_bid_levels,depth_ask_levels,bid_qty,ask_qty,cumulative_bid_qty_5depth,cumulative_ask_qty_5depth,quote_timestamp,source_timestamp_available,reasons,calibrated_probability,calibrated_expectancy_r
2026-08-19T09:51:33.443494+05:30,2026-08-19,NIFTY,NSE,INDEX,NSE_INDEX,PAPER_ELIGIBLE,INDEX:BROAD_EQUITY,paper-strategy-8ade763620b6,opportunity-score-8ade763620b6,universe-a8e55c76a270,PAPER_OVERRIDE::FYERS_PAPER_PROXY_RESEARCH,CE,UNKNOWN,24100.0,2026-08-25,6,Reject,62.0,62.0,80.0,False,DATA_INVALID,7.5,30.0000,nifty_leadership_proxy,VALID,22.5239,00929e22c867,WARMUP_OBSERVATIONS,0,0,0,80.0,65.0,1.0,1.6,70.0,65.0,35.0,50.0,2.0,10.0,COST_MODEL_UNVALIDATED,False,False,DISABLED,Daily market context is disabled until operator review,MANUAL_PROXY_RESEARCH,49.3,21.4,24.0,78.3,100.0,87.4,95.0,0.5,200.4,150.3,1.33,147.5,147.85,147.68,0.24,FIVE_LEVEL,FYERS_MARKET_DEPTH,5,5,1170,1820,9230,39585,2026-08-19T04:20:47+00:00,True,DataHealth invalid; Contract invalid: Quote stale or spread hard rejected.; SideDirection hard reject: 7.5 < 65.0; PremiumElasticity hard reject: 0.50 < 1.00; Expected/Required hard reject: 1.33 < 1.60; TradeQuality below configured minimum; ConvexityEdge below excellent gate: 78.3 < 80.0,,
2026-08-19T09:51:33.443494+05:30,2026-08-19,NIFTY,NSE,INDEX,NSE_INDEX,PAPER_ELIGIBLE,INDEX:BROAD_EQUITY,paper-strategy-8ade763620b6,opportunity-score-8ade763620b6,universe-a8e55c76a270,PAPER_OVERRIDE::FYERS_PAPER_PROXY_RESEARCH,CE,UNKNOWN,24050.0,2026-08-25,6,Reject,61.7,61.7,80.0,False,DATA_INVALID,7.5,30.0000,nifty_leadership_proxy,VALID,22.5239,00929e22c867,WARMUP_OBSERVATIONS,0,0,0,80.0,65.0,1.0,1.6,70.0,65.0,35.0,50.0,2.0,10.0,COST_MODEL_UNVALIDATED,False,False,DISABLED,Daily market context is disabled until operator review,MANUAL_PROXY_RESEARCH,49.3,21.4,24.0,76.8,100.0,87.4,95.0,0.7,200.4,150.3,1.33,177.3,177.75,177.53,0.25,FIVE_LEVEL,FYERS_MARKET_DEPTH,5,5,715,1170,5135,5720,2026-08-19T04:20:46+00:00,True,DataHealth invalid; Contract invalid: Quote stale or spread hard rejected.; SideDirection hard reject: 7.5 < 65.0; PremiumElasticity hard reject: 0.70 < 1.00; Expected/Required hard reject: 1.33 < 1.60; TradeQuality below configured minimum; ConvexityEdge below excellent gate: 76.8 < 80.0,,
2026-08-19T09:51:33.443494+05:30,2026-08-19,NIFTY,NSE,INDEX,NSE_INDEX,PAPER_ELIGIBLE,INDEX:BROAD_EQUITY,paper-strategy-8ade763620b6,opportunity-score-8ade763620b6,universe-a8e55c76a270,PAPER_OVERRIDE::FYERS_PAPER_PROXY_RESEARCH,CE,UNKNOWN,24150.0,2026-08-25,6,Reject,58.8,58.8,80.0,False,DATA_INVALID,7.5,30.0000,nifty_leadership_proxy,VALID,22.5239,00929e22c867,WARMUP_OBSERVATIONS,0,0,0,80.0,65.0,1.0,1.6,70.0,65.0,35.0,50.0,2.0,10.0,COST_MODEL_UNVALIDATED,False,False,DISABLED,Daily market context is disabled until operator review,MANUAL_PROXY_RESEARCH,49.3,21.4,24.0,62.3,100.0,87.4,95.0,0.3,200.4,150.3,1.33,120.6,120.9,120.75,0.25,FIVE_LEVEL,FYERS_MARKET_DEPTH,5,5,3055,195,15145,31720,2026-08-19T04:20:48+00:00,True,DataHealth invalid; Contract invalid: Quote stale or spread hard rejected.; SideDirection hard reject: 7.5 < 65.0; PremiumElasticity hard reject: 0.30 < 1.00; Expected/Required hard reject: 1.33 < 1.60; TradeQuality below configured minimum; ConvexityEdge below excellent gate: 62.3 < 80.0,,
2026-08-19T09:51:33.443494+05:30,2026-08-19,NIFTY,NSE,INDEX,NSE_INDEX,PAPER_ELIGIBLE,INDEX:BROAD_EQUITY,paper-strategy-8ade763620b6,opportunity-score-8ade763620b6,universe-a8e55c76a270,PAPER_OVERRIDE::FYERS_PAPER_PROXY_RESEARCH,PE,UNKNOWN,24150.0,2026-08-25,6,Reject,60.36,60.36,80.0,False,DATA_INVALID,-7.5,30.0000,nifty_leadership_proxy,VALID,22.5239,00929e22c867,WARMUP_OBSERVATIONS,0,0,0,80.0,65.0,1.0,1.6,70.0,65.0,35.0,50.0,2.0,10.0,COST_MODEL_UNVALIDATED,False,False,DISABLED,Daily market context is disabled until operator review,MANUAL_PROXY_RESEARCH,49.3,21.4,24.0,76.8,100.0,85.2,95.0,0.7,200.4,150.3,1.33,126.0,126.25,126.12,0.2,FIVE_LEVEL,FYERS_MARKET_DEPTH,5,5,8840,260,12480,5720,2026-08-19T04:20:49+00:00,True,DataHealth invalid; Contract invalid: Quote stale or spread hard rejected.; SideDirection hard reject: -7.5 < 65.0; PremiumElasticity hard reject: 0.70 < 1.00; Expected/Required hard reject: 1.33 < 1.60; TradeQuality below configured minimum; ConvexityEdge below excellent gate: 76.8 < 80.0,,
2026-08-19T09:51:33.443494+05:30,2026-08-19,BANKNIFTY,NSE,INDEX,NSE_INDEX,PAPER_ELIGIBLE,INDEX:BANKING,paper-strategy-8ade763620b6,opportunity-score-8ade763620b6,universe-a8e55c76a270,PAPER_OVERRIDE::FYERS_PAPER_PROXY_RESEARCH,PE,UNKNOWN,57200.0,2026-08-25,6,Reject,56.09,56.09,80.0,False,DATA_INVALID,-10.9,17.1070,banknifty_fast_wbci,VALID,6.2307,2e840ccd58d1,WARMUP_OBSERVATIONS,0,0,0,80.0,65.0,1.0,1.6,70.0,65.0,35.0,50.0,2.0,10.0,COST_MODEL_UNVALIDATED,False,False,DISABLED,Daily market context is disabled until operator review,MANUAL_PROXY_RESEARCH,42.8,24.1,24.0,78.3,100.0,82.7,75.0,0.5,615.7,434.6,1.42,319.0,319.3,319.15,0.09,FIVE_LEVEL,FYERS_MARKET_DEPTH,5,5,90,60,270,300,2026-08-19T04:20:54+00:00,True,DataHealth invalid; Contract invalid: Quote stale or spread hard rejected.; SideDirection hard reject: -10.9 < 65.0; PremiumElasticity hard reject: 0.50 < 1.00; Expected/Required hard reject: 1.42 < 1.60; TradeQuality below configured minimum; ConvexityEdge below excellent gate: 78.3 < 80.0,,
2026-08-19T09:51:33.443494+05:30,2026-08-19,BANKNIFTY,NSE,INDEX,NSE_INDEX,PAPER_ELIGIBLE,INDEX:BANKING,paper-strategy-8ade763620b6,opportunity-score-8ade763620b6,universe-a8e55c76a270,PAPER_OVERRIDE::FYERS_PAPER_PROXY_RESEARCH,PE,UNKNOWN,57300.0,2026-08-25,6,Reject,55.79,55.79,80.0,False,DATA_INVALID,-10.9,17.1070,banknifty_fast_wbci,VALID,6.2307,2e840ccd58d1,WARMUP_OBSERVATIONS,0,0,0,80.0,65.0,1.0,1.6,70.0,65.0,35.0,50.0,2.0,10.0,COST_MODEL_UNVALIDATED,False,False,DISABLED,Daily market context is disabled until operator review,MANUAL_PROXY_RESEARCH,42.8,24.1,24.0,76.8,100.0,82.7,75.0,0.7,615.7,434.6,1.42,365.9,366.65,366.27,0.2,FIVE_LEVEL,FYERS_MARKET_DEPTH,5,5,30,30,210,180,2026-08-19T04:20:54+00:00,True,DataHealth invalid; Contract invalid: Quote stale or spread hard rejected.; SideDirection hard reject: -10.9 < 65.0; PremiumElasticity hard reject: 0.70 < 1.00; Expected/Required hard reject: 1.42 < 1.60; TradeQuality below configured minimum; ConvexityEdge below excellent gate: 76.8 < 80.0,,
2026-08-19T09:51:33.443494+05:30,2026-08-19,FINNIFTY,NSE,INDEX,NSE_INDEX,PAPER_ELIGIBLE,INDEX:FINANCIALS,paper-strategy-8ade763620b6,opportunity-score-8ade763620b6,universe-a8e55c76a270,PAPER_OVERRIDE::FYERS_PAPER_PROXY_RESEARCH,PE,UNKNOWN,26000.0,2026-08-25,6,Reject,57.91,57.91,80.0,False,DATA_INVALID,-13.8,12.0000,finnifty_leadership_proxy,VALID,1.8498,e172b0fef65b,WARMUP_OBSERVATIONS,0,0,0,80.0,65.0,1.0,1.6,70.0,65.0,35.0,50.0,2.0,10.0,COST_MODEL_UNVALIDATED,False,False,DISABLED,Daily market context is disabled until operator review,MANUAL_PROXY_RESEARCH,49.8,24.5,24.0,78.3,100.0,84.4,75.0,0.5,262.2,209.8,1.25,135.0,135.65,135.32,0.48,FIVE_LEVEL,FYERS_MARKET_DEPTH,5,5,60,60,420,300,2026-08-19T04:20:43+00:00,True,DataHealth invalid; Contract invalid: Quote stale or spread hard rejected.; SideDirection hard reject: -13.8 < 65.0; PremiumElasticity hard reject: 0.50 < 1.00; Expected/Required hard reject: 1.25 < 1.60; TradeQuality below configured minimum; ConvexityEdge below excellent gate: 78.3 < 80.0,,
2026-08-19T09:51:33.443494+05:30,2026-08-19,MIDCPNIFTY,NSE,INDEX,NSE_INDEX,PAPER_ELIGIBLE,INDEX:MIDCAP,paper-strategy-8ade763620b6,opportunity-score-8ade763620b6,universe-a8e55c76a270,PAPER_OVERRIDE::FYERS_PAPER_PROXY_RESEARCH,PE,UNKNOWN,14850.0,2026-08-25,6,Reject,55.89,55.89,90.0,False,DATA_INVALID,-15.1,54.6642,midcap_direction_proxy,PARTIAL_MIDCAP,39.5712,712afad509f5,WARMUP_OBSERVATIONS,0,0,0,80.0,65.0,1.0,1.6,70.0,65.0,35.0,50.0,2.0,10.0,COST_MODEL_UNVALIDATED,False,False,DISABLED,Daily market context is disabled until operator review,MANUAL_PROXY_RESEARCH,46.9,26.6,24.0,77.3,100.0,83.3,70.0,0.5,122.3,112.9,1.08,88.3,88.8,88.55,0.56,FIVE_LEVEL,FYERS_MARKET_DEPTH,5,5,360,240,1560,1680,2026-08-19T04:21:00+00:00,True,DataHealth invalid; Contract invalid: Quote stale or spread hard rejected.; SideDirection hard reject: -15.1 < 65.0; PremiumElasticity hard reject: 0.50 < 1.00; Expected/Required hard reject: 1.08 < 1.60; TradeQuality below configured minimum; ConvexityEdge below excellent gate: 77.3 < 80.0,,
2026-08-19T09:51:33.443494+05:30,2026-08-19,MIDCPNIFTY,NSE,INDEX,NSE_INDEX,PAPER_ELIGIBLE,INDEX:MIDCAP,paper-strategy-8ade763620b6,opportunity-score-8ade763620b6,universe-a8e55c76a270,PAPER_OVERRIDE::FYERS_PAPER_PROXY_RESEARCH,PE,UNKNOWN,14825.0,2026-08-25,6,Reject,51.98,51.98,90.0,False,DATA_INVALID,-15.1,54.6642,midcap_direction_proxy,PARTIAL_MIDCAP,39.5712,712afad509f5,WARMUP_OBSERVATIONS,0,0,0,80.0,65.0,1.0,1.6,70.0,65.0,35.0,50.0,2.0,10.0,COST_MODEL_UNVALIDATED,False,False,DISABLED,Daily market context is disabled until operator review,MANUAL_PROXY_RESEARCH,46.9,26.6,24.0,61.3,95.2,83.3,70.0,0.3,122.3,112.9,1.08,76.45,77.15,76.8,0.91,FIVE_LEVEL,FYERS_MARKET_DEPTH,5,5,360,240,1080,960,2026-08-19T04:20:59+00:00,True,DataHealth invalid; Contract invalid: Quote stale or spread hard rejected.; SideDirection hard reject: -15.1 < 65.0; PremiumElasticity hard reject: 0.30 < 1.00; Expected/Required hard reject: 1.08 < 1.60; TradeQuality below configured minimum; ConvexityEdge below excellent gate: 61.3 < 80.0,,
2026-08-19T09:51:33.443494+05:30,2026-08-19,MIDCPNIFTY,NSE,INDEX,NSE_INDEX,PAPER_ELIGIBLE,INDEX:MIDCAP,paper-strategy-8ade763620b6,opportunity-score-8ade763620b6,universe-a8e55c76a270,PAPER_OVERRIDE::FYERS_PAPER_PROXY_RESEARCH,CE,UNKNOWN,14875.0,2026-08-25,6,Reject,55.41,55.41,90.0,False,DATA_INVALID,15.1,54.6642,midcap_direction_proxy,PARTIAL_MIDCAP,39.5712,712afad509f5,WARMUP_OBSERVATIONS,0,0,0,80.0,65.0,1.0,1.6,70.0,65.0,35.0,50.0,2.0,10.0,COST_MODEL_UNVALIDATED,False,False,DISABLED,Daily market context is disabled until operator review,MANUAL_PROXY_RESEARCH,46.9,26.6,24.0,61.3,100.0,87.8,70.0,0.3,122.3,112.9,1.08,85.25,85.8,85.53,0.64,FIVE_LEVEL,FYERS_MARKET_DEPTH,5,5,360,120,960,720,2026-08-19T04:20:58+00:00,True,DataHealth invalid; Contract invalid: Quote stale or spread hard rejected.; SideDirection hard reject: 15.1 < 65.0; PremiumElasticity hard reject: 0.30 < 1.00; Expected/Required hard reject: 1.08 < 1.60; TradeQuality below configured minimum; ConvexityEdge below excellent gate: 61.3 < 80.0,,
2026-08-19T09:51:33.443494+05:30,2026-08-19,ASIANPAINT,NSE,STOCK,NSE_STOCK_OPTION,PAPER_ELIGIBLE,STOCK:ASIANPAINT,paper-strategy-8ade763620b6,opportunity-score-8ade763620b6,universe-a8e55c76a270,PAPER_OVERRIDE::FYERS_PAPER_PROXY_RESEARCH,CE,UNKNOWN,2620.0,2026-08-25,6,Reject,27.22,47.22,87.0,False,DATA_INVALID,30.5,,ASIANPAINT,NOT_CONFIGURED,,8512c046e489,WARMUP_OBSERVATIONS,0,0,0,90.0,65.0,1.0,1.6,70.0,65.0,35.0,50.0,3.0,20.0,COST_MODEL_UNVALIDATED,False,False,DISABLED,Daily market context is disabled until operator review,MANUAL_PROXY_RESEARCH,44.0,35.0,24.0,78.3,43.1,72.7,60.0,0.5,41.6,35.6,1.17,36.8,37.5,37.15,1.88,FIVE_LEVEL,FYERS_MARKET_DEPTH,5,5,250,750,1750,1750,2026-08-19T04:21:04+00:00,True,DataHealth invalid; Contract invalid: Quote stale or spread hard rejected.; SideDirection hard reject: 30.5 < 65.0; PremiumElasticity hard reject: 0.50 < 1.00; Expected/Required hard reject: 1.17 < 1.60; TradeQuality below configured minimum; ExecutionQuality below excellent gate: 43.1 < 80.0; ConvexityEdge below excellent gate: 78.3 < 80.0; RegimeFit below excellent gate: 60.0 < 70.0,,
2026-08-19T09:51:33.443494+05:30,2026-08-19,ASIANPAINT,NSE,STOCK,NSE_STOCK_OPTION,PAPER_ELIGIBLE,STOCK:ASIANPAINT,paper-strategy-8ade763620b6,opportunity-score-8ade763620b6,universe-a8e55c76a270,PAPER_OVERRIDE::FYERS_PAPER_PROXY_RESEARCH,PE,UNKNOWN,2620.0,2026-08-25,6,Reject,20.07,40.07,87.0,False,DATA_INVALID,-30.5,,ASIANPAINT,NOT_CONFIGURED,,8512c046e489,WARMUP_OBSERVATIONS,0,0,0,90.0,65.0,1.0,1.6,70.0,65.0,35.0,50.0,3.0,20.0,COST_MODEL_UNVALIDATED,False,False,DISABLED,Daily market context is disabled until operator review,MANUAL_PROXY_RESEARCH,44.0,35.0,24.0,78.3,33.3,61.8,60.0,0.5,41.6,35.6,1.17,22.0,22.45,22.23,2.02,FIVE_LEVEL,FYERS_MARKET_DEPTH,5,5,250,500,1500,2500,2026-08-19T04:20:34+00:00,True,DataHealth invalid; Contract invalid: Quote stale or spread hard rejected.; SideDirection hard reject: -30.5 < 65.0; PremiumElasticity hard reject: 0.50 < 1.00; Expected/Required hard reject: 1.17 < 1.60; TradeQuality below configured minimum; FinalConfidence below configured minimum; ExecutionQuality below excellent gate: 33.3 < 80.0; ConvexityEdge below excellent gate: 78.3 < 80.0; OpportunityConfidence below excellent gate: 61.8 < 70.0; RegimeFit below excellent gate: 60.0 < 70.0,,
2026-08-19T09:51:33.443494+05:30,2026-08-19,ASIANPAINT,NSE,STOCK,NSE_STOCK_OPTION,PAPER_ELIGIBLE,STOCK:ASIANPAINT,paper-strategy-8ade763620b6,opportunity-score-8ade763620b6,universe-a8e55c76a270,PAPER_OVERRIDE::FYERS_PAPER_PROXY_RESEARCH,CE,UNKNOWN,2600.0,2026-08-25,6,Reject,31.33,51.33,87.0,False,DATA_INVALID,30.5,,ASIANPAINT,NOT_CONFIGURED,,8512c046e489,WARMUP_OBSERVATIONS,0,0,0,90.0,65.0,1.0,1.6,70.0,65.0,35.0,50.0,3.0,20.0,COST_MODEL_UNVALIDATED,False,False,DISABLED,Daily market context is disabled until operator review,MANUAL_PROXY_RESEARCH,44.0,35.0,24.0,76.8,69.5,77.2,60.0,0.7,41.6,35.6,1.17,49.4,50.15,49.77,1.51,FIVE_LEVEL,FYERS_MARKET_DEPTH,5,5,250,250,1750,1250,2026-08-19T04:20:51+00:00,True,DataHealth invalid; Contract invalid: Quote stale or spread hard rejected.; SideDirection hard reject: 30.5 < 65.0; PremiumElasticity hard reject: 0.70 < 1.00; Expected/Required hard reject: 1.17 < 1.60; TradeQuality below configured minimum; ExecutionQuality below excellent gate: 69.5 < 80.0; ConvexityEdge below excellent gate: 76.8 < 80.0; RegimeFit below excellent gate: 60.0 < 70.0,,
2026-08-19T09:51:33.443494+05:30,2026-08-19,ASIANPAINT,NSE,STOCK,NSE_STOCK_OPTION,PAPER_ELIGIBLE,STOCK:ASIANPAINT,paper-strategy-8ade763620b6,opportunity-score-8ade763620b6,universe-a8e55c76a270,PAPER_OVERRIDE::FYERS_PAPER_PROXY_RESEARCH,PE,UNKNOWN,2600.0,2026-08-25,6,Reject,13.34,33.34,87.0,False,DATA_INVALID,-30.5,,ASIANPAINT,NOT_CONFIGURED,,8512c046e489,WARMUP_OBSERVATIONS,0,0,0,90.0,65.0,1.0,1.6,70.0,65.0,35.0,50.0,3.0,20.0,COST_MODEL_UNVALIDATED,False,False,DISABLED,Daily market context is disabled until operator review,MANUAL_PROXY_RESEARCH,44.0,35.0,24.0,62.3,12.5,57.6,60.0,0.3,41.6,35.6,1.17,14.9,15.25,15.07,2.32,FIVE_LEVEL,FYERS_MARKET_DEPTH,5,5,250,500,1750,2250,2026-08-19T04:20:34+00:00,True,DataHealth invalid; Contract invalid: Quote stale or spread hard rejected.; SideDirection hard reject: -30.5 < 65.0; PremiumElasticity hard reject: 0.30 < 1.00; Expected/Required hard reject: 1.17 < 1.60; TradeQuality below configured minimum; FinalConfidence below configured minimum; ExecutionQuality below excellent gate: 12.5 < 80.0; ConvexityEdge below excellent gate: 62.3 < 80.0; OpportunityConfidence below excellent gate: 57.6 < 70.0; RegimeFit below excellent gate: 60.0 < 70.0,,
2026-08-19T09:51:33.443494+05:30,2026-08-19,ASIANPAINT,NSE,STOCK,NSE_STOCK_OPTION,PAPER_ELIGIBLE,STOCK:ASIANPAINT,paper-strategy-8ade763620b6,opportunity-score-8ade763620b6,universe-a8e55c76a270,PAPER_OVERRIDE::FYERS_PAPER_PROXY_RESEARCH,CE,UNKNOWN,2640.0,2026-08-25,6,Reject,26.25,46.25,87.0,False,DATA_INVALID,30.5,,ASIANPAINT,NOT_CONFIGURED,,8512c046e489,WARMUP_OBSERVATIONS,0,0,0,90.0,65.0,1.0,1.6,70.0,65.0,35.0,50.0,3.0,20.0,COST_MODEL_UNVALIDATED,False,False,DISABLED,Daily market context is disabled until operator review,MANUAL_PROXY_RESEARCH,44.0,35.0,24.0,62.3,56.5,74.9,60.0,0.3,41.6,35.6,1.17,26.35,26.8,26.58,1.69,FIVE_LEVEL,FYERS_MARKET_DEPTH,5,5,500,500,2250,1500,2026-08-19T04:20:59+00:00,True,DataHealth invalid; Contract invalid: Quote stale or spread hard rejected.; SideDirection hard reject: 30.5 < 65.0; PremiumElasticity hard reject: 0.30 < 1.00; Expected/Required hard reject: 1.17 < 1.60; TradeQuality below configured minimum; ExecutionQuality below excellent gate: 56.5 < 80.0; ConvexityEdge below excellent gate: 62.3 < 80.0; RegimeFit below excellent gate: 60.0 < 70.0,,
2026-08-19T09:51:33.443494+05:30,2026-08-19,ASIANPAINT,NSE,STOCK,NSE_STOCK_OPTION,PAPER_ELIGIBLE,STOCK:ASIANPAINT,paper-strategy-8ade763620b6,opportunity-score-8ade763620b6,universe-a8e55c76a270,PAPER_OVERRIDE::FYERS_PAPER_PROXY_RESEARCH,PE,UNKNOWN,2640.0,2026-08-25,6,Reject,21.5,41.5,87.0,False,DATA_INVALID,-30.5,,ASIANPAINT,NOT_CONFIGURED,,8512c046e489,WARMUP_OBSERVATIONS,0,0,0,90.0,65.0,1.0,1.6,70.0,65.0,35.0,50.0,3.0,20.0,COST_MODEL_UNVALIDATED,False,False,DISABLED,Daily market context is disabled until operator review,MANUAL_PROXY_RESEARCH,44.0,35.0,24.0,76.8,43.5,63.6,60.0,0.7,41.6,35.6,1.17,31.65,32.25,31.95,1.88,FIVE_LEVEL,FYERS_MARKET_DEPTH,5,5,250,500,1750,1500,2026-08-19T04:20:27+00:00,True,DataHealth invalid; Contract invalid: Quote stale or spread hard rejected.; SideDirection hard reject: -30.5 < 65.0; PremiumElasticity hard reject: 0.70 < 1.00; Expected/Required hard reject: 1.17 < 1.60; TradeQuality below configured minimum; FinalConfidence below configured minimum; ExecutionQuality below excellent gate: 43.5 < 80.0; ConvexityEdge below excellent gate: 76.8 < 80.0; OpportunityConfidence below excellent gate: 63.6 < 70.0; RegimeFit below excellent gate: 60.0 < 70.0,,
2026-08-19T09:51:33.443494+05:30,2026-08-19,AXISBANK,NSE,STOCK,NSE_STOCK_OPTION,PAPER_ELIGIBLE,STOCK:AXISBANK,paper-strategy-8ade763620b6,opportunity-score-8ade763620b6,universe-a8e55c76a270,PAPER_OVERRIDE::FYERS_PAPER_PROXY_RESEARCH,PE,UNKNOWN,1260.0,2026-08-25,6,Reject,29.91,49.91,87.0,False,DATA_INVALID,-21.4,,AXISBANK,NOT_CONFIGURED,,cfeb90d03746,WARMUP_OBSERVATIONS,0,0,0,90.0,65.0,1.0,1.6,70.0,65.0,35.0,50.0,3.0,20.0,COST_MODEL_UNVALIDATED,False,False,DISABLED,Daily market context is disabled until operator review,MANUAL_PROXY_RESEARCH,48.0,33.8,24.0,76.8,83.6,74.5,60.0,0.7,16.5,14.2,1.17,25.2,25.5,25.35,1.18,FIVE_LEVEL,FYERS_MARKET_DEPTH,5,5,1250,625,5625,4375,2026-08-19T04:20:23+00:00,True,DataHealth invalid; Contract invalid: Quote stale or spread hard rejected.; SideDirection hard reject: -21.4 < 65.0; PremiumElasticity hard reject: 0.70 < 1.00; Expected/Required hard reject: 1.17 < 1.60; TradeQuality below configured minimum; ConvexityEdge below excellent gate: 76.8 < 80.0; RegimeFit below excellent gate: 60.0 < 70.0,,
2026-08-19T09:51:33.443494+05:30,2026-08-19,BAJAJ-AUTO,NSE,STOCK,NSE_STOCK_OPTION,PAPER_ELIGIBLE,STOCK:BAJAJ-AUTO,paper-strategy-8ade763620b6,opportunity-score-8ade763620b6,universe-a8e55c76a270,PAPER_OVERRIDE::FYERS_PAPER_PROXY_RESEARCH,PE,UNKNOWN,11600.0,2026-08-25,6,Reject,36.15,56.15,87.0,False,DATA_INVALID,-22.2,,BAJAJ-AUTO,NOT_CONFIGURED,,41f3d34033d6,WARMUP_OBSERVATIONS,0,0,0,90.0,65.0,1.0,1.6,70.0,65.0,35.0,50.0,3.0,20.0,COST_MODEL_UNVALIDATED,False,False,DISABLED,Daily market context is disabled until operator review,MANUAL_PROXY_RESEARCH,61.0,35.0,24.0,78.3,100.0,79.9,60.0,0.5,169.2,145.0,1.17,134.0,134.6,134.3,0.45,FIVE_LEVEL,FYERS_MARKET_DEPTH,5,5,75,75,375,375,2026-08-19T04:21:07+00:00,True,DataHealth invalid; Contract invalid: Quote stale or spread hard rejected.; SideDirection hard reject: -22.2 < 65.0; PremiumElasticity hard reject: 0.50 < 1.00; Expected/Required hard reject: 1.17 < 1.60; TradeQuality below configured minimum; ConvexityEdge below excellent gate: 78.3 < 80.0; RegimeFit below excellent gate: 60.0 < 70.0,,
2026-08-19T09:51:33.443494+05:30,2026-08-19,BAJAJ-AUTO,NSE,STOCK,NSE_STOCK_OPTION,PAPER_ELIGIBLE,STOCK:BAJAJ-AUTO,paper-strategy-8ade763620b6,opportunity-score-8ade763620b6,universe-a8e55c76a270,PAPER_OVERRIDE::FYERS_PAPER_PROXY_RESEARCH,CE,UNKNOWN,11700.0,2026-08-25,6,Reject,36.86,56.86,87.0,False,DATA_INVALID,22.2,,BAJAJ-AUTO,NOT_CONFIGURED,,41f3d34033d6,WARMUP_OBSERVATIONS,0,0,0,90.0,65.0,1.0,1.6,70.0,65.0,35.0,50.0,3.0,20.0,COST_MODEL_UNVALIDATED,False,False,DISABLED,Daily market context is disabled until operator review,MANUAL_PROXY_RESEARCH,61.0,35.0,24.0,62.3,99.5,86.5,60.0,0.3,169.2,145.0,1.17,67.45,68.0,67.72,0.81,FIVE_LEVEL,FYERS_MARKET_DEPTH,5,5,75,150,525,525,2026-08-19T04:21:03+00:00,True,DataHealth invalid; Contract invalid: Quote stale or spread hard rejected.; SideDirection hard reject: 22.2 < 65.0; PremiumElasticity hard reject: 0.30 < 1.00; Expected/Required hard reject: 1.17 < 1.60; TradeQuality below configured minimum; ConvexityEdge below excellent gate: 62.3 < 80.0; RegimeFit below excellent gate: 60.0 < 70.0,,
2026-08-19T09:51:33.443494+05:30,2026-08-19,BAJAJFINSV,NSE,STOCK,NSE_STOCK_OPTION,PAPER_ELIGIBLE,STOCK:BAJAJFINSV,paper-strategy-8ade763620b6,opportunity-score-8ade763620b6,universe-a8e55c76a270,PAPER_OVERRIDE::FYERS_PAPER_PROXY_RESEARCH,CE,UNKNOWN,2000.0,2026-08-25,6,Reject,35.88,55.88,87.0,False,DATA_INVALID,18.5,,BAJAJFINSV,NOT_CONFIGURED,,e97256bacfa6,WARMUP_OBSERVATIONS,0,0,0,90.0,65.0,1.0,1.6,70.0,65.0,35.0,50.0,3.0,20.0,COST_MODEL_UNVALIDATED,False,False,DISABLED,Daily market context is disabled until operator review,MANUAL_PROXY_RESEARCH,61.3,30.1,24.0,78.3,70.8,80.1,60.0,0.5,31.3,26.8,1.17,23.45,23.8,23.62,1.48,FIVE_LEVEL,FYERS_MARKET_DEPTH,5,5,300,300,1500,3000,2026-08-19T04:20:56+00:00,True,DataHealth invalid; Contract invalid: Quote stale or spread hard rejected.; SideDirection hard reject: 18.5 < 65.0; PremiumElasticity hard reject: 0.50 < 1.00; Expected/Required hard reject: 1.17 < 1.60; TradeQuality below configured minimum; ExecutionQuality below excellent gate: 70.8 < 80.0; ConvexityEdge below excellent gate: 78.3 < 80.0; RegimeFit below excellent gate: 60.0 < 70.0,,
2026-08-19T09:51:33.443494+05:30,2026-08-19,BAJAJFINSV,NSE,STOCK,NSE_STOCK_OPTION,PAPER_ELIGIBLE,STOCK:BAJAJFINSV,paper-strategy-8ade763620b6,opportunity-score-8ade763620b6,universe-a8e55c76a270,PAPER_OVERRIDE::FYERS_PAPER_PROXY_RESEARCH,PE,UNKNOWN,2000.0,2026-08-25,6,Reject,30.49,50.49,87.0,False,DATA_INVALID,-18.5,,BAJAJFINSV,NOT_CONFIGURED,,e97256bacfa6,WARMUP_OBSERVATIONS,0,0,0,90.0,65.0,1.0,1.6,70.0,65.0,35.0,50.0,3.0,20.0,COST_MODEL_UNVALIDATED,False,False,DISABLED,Daily market context is disabled until operator review,MANUAL_PROXY_RESEARCH,61.3,30.1,24.0,78.3,58.5,72.4,60.0,0.5,31.3,26.8,1.17,20.85,21.2,21.02,1.66,FIVE_LEVEL,FYERS_MARKET_DEPTH,5,5,600,300,3300,1800,2026-08-19T04:20:56+00:00,True,DataHealth invalid; Contract invalid: Quote stale or spread hard rejected.; SideDirection hard reject: -18.5 < 65.0; PremiumElasticity hard reject: 0.50 < 1.00; Expected/Required hard reject: 1.17 < 1.60; TradeQuality below configured minimum; ExecutionQuality below excellent gate: 58.5 < 80.0; ConvexityEdge below excellent gate: 78.3 < 80.0; RegimeFit below excellent gate: 60.0 < 70.0,,
2026-08-19T09:51:33.443494+05:30,2026-08-19,BAJAJFINSV,NSE,STOCK,NSE_STOCK_OPTION,PAPER_ELIGIBLE,STOCK:BAJAJFINSV,paper-strategy-8ade763620b6,opportunity-score-8ade763620b6,universe-a8e55c76a270,PAPER_OVERRIDE::FYERS_PAPER_PROXY_RESEARCH,CE,UNKNOWN,1980.0,2026-08-25,6,Reject,34.92,54.92,87.0,False,DATA_INVALID,18.5,,BAJAJFINSV,NOT_CONFIGURED,,e97256bacfa6,WARMUP_OBSERVATIONS,0,0,0,90.0,65.0,1.0,1.6,70.0,65.0,35.0,50.0,3.0,20.0,COST_MODEL_UNVALIDATED,False,False,DISABLED,Daily market context is disabled until operator review,MANUAL_PROXY_RESEARCH,61.3,30.1,24.0,76.8,66.9,79.3,60.0,0.7,31.3,26.8,1.17,35.35,35.9,35.62,1.54,FIVE_LEVEL,FYERS_MARKET_DEPTH,5,5,300,300,1500,2400,2026-08-19T04:21:02+00:00,True,DataHealth invalid; Contract invalid: Quote stale or spread hard rejected.; SideDirection hard reject: 18.5 < 65.0; PremiumElasticity hard reject: 0.70 < 1.00; Expected/Required hard reject: 1.17 < 1.60; TradeQuality below configured minimum; ExecutionQuality below excellent gate: 66.9 < 80.0; ConvexityEdge below excellent gate: 76.8 < 80.0; RegimeFit below excellent gate: 60.0 < 70.0,,
2026-08-19T09:51:33.443494+05:30,2026-08-19,BAJAJFINSV,NSE,STOCK,NSE_STOCK_OPTION,PAPER_ELIGIBLE,STOCK:BAJAJFINSV,paper-strategy-8ade763620b6,opportunity-score-8ade763620b6,universe-a8e55c76a270,PAPER_OVERRIDE::FYERS_PAPER_PROXY_RESEARCH,PE,UNKNOWN,1980.0,2026-08-25,6,Reject,24.48,44.48,87.0,False,DATA_INVALID,-18.5,,BAJAJFINSV,NOT_CONFIGURED,,e97256bacfa6,WARMUP_OBSERVATIONS,0,0,0,90.0,65.0,1.0,1.6,70.0,65.0,35.0,50.0,3.0,20.0,COST_MODEL_UNVALIDATED,False,False,DISABLED,Daily market context is disabled until operator review,MANUAL_PROXY_RESEARCH,61.3,30.1,24.0,62.3,41.7,69.5,60.0,0.3,31.3,26.8,1.17,13.0,13.25,13.12,1.9,FIVE_LEVEL,FYERS_MARKET_DEPTH,5,5,300,300,2700,3000,2026-08-19T04:20:36+00:00,True,DataHealth invalid; Contract invalid: Quote stale or spread hard rejected.; SideDirection hard reject: -18.5 < 65.0; PremiumElasticity hard reject: 0.30 < 1.00; Expected/Required hard reject: 1.17 < 1.60; TradeQuality below configured minimum; ExecutionQuality below excellent gate: 41.7 < 80.0; ConvexityEdge below excellent gate: 62.3 < 80.0; OpportunityConfidence below excellent gate: 69.5 < 70.0; RegimeFit below excellent gate: 60.0 < 70.0,,
2026-08-19T09:51:33.443494+05:30,2026-08-19,BAJAJFINSV,NSE,STOCK,NSE_STOCK_OPTION,PAPER_ELIGIBLE,STOCK:BAJAJFINSV,paper-strategy-8ade763620b6,opportunity-score-8ade763620b6,universe-a8e55c76a270,PAPER_OVERRIDE::FYERS_PAPER_PROXY_RESEARCH,PE,UNKNOWN,2020.0,2026-08-25,6,Reject,31.0,51.0,87.0,False,DATA_INVALID,-18.5,,BAJAJFINSV,NOT_CONFIGURED,,e97256bacfa6,WARMUP_OBSERVATIONS,0,0,0,90.0,65.0,1.0,1.6,70.0,65.0,35.0,50.0,3.0,20.0,COST_MODEL_UNVALIDATED,False,False,DISABLED,Daily market context is disabled until operator review,MANUAL_PROXY_RESEARCH,61.3,30.1,24.0,76.8,63.4,73.2,60.0,0.7,31.3,26.8,1.17,31.1,31.6,31.35,1.59,FIVE_LEVEL,FYERS_MARKET_DEPTH,5,5,900,900,3300,2400,2026-08-19T04:19:16+00:00,True,DataHealth invalid; Contract invalid: Quote stale or spread hard rejected.; SideDirection hard reject: -18.5 < 65.0; PremiumElasticity hard reject: 0.70 < 1.00; Expected/Required hard reject: 1.17 < 1.60; TradeQuality below configured minimum; ExecutionQuality below excellent gate: 63.4 < 80.0; ConvexityEdge below excellent gate: 76.8 < 80.0; RegimeFit below excellent gate: 60.0 < 70.0,,
2026-08-19T09:51:33.443494+05:30,2026-08-19,CIPLA,NSE,STOCK,NSE_STOCK_OPTION,PAPER_ELIGIBLE,STOCK:CIPLA,paper-strategy-8ade763620b6,opportunity-score-8ade763620b6,universe-a8e55c76a270,PAPER_OVERRIDE::FYERS_PAPER_PROXY_RESEARCH,CE,UNKNOWN,1430.0,2026-08-25,6,Reject,31.68,51.68,87.0,False,DATA_INVALID,11.2,,CIPLA,NOT_CONFIGURED,,fcbb76385597,WARMUP_OBSERVATIONS,0,0,0,90.0,65.0,1.0,1.6,70.0,65.0,35.0,50.0,3.0,20.0,COST_MODEL_UNVALIDATED,False,False,DISABLED,Daily market context is disabled until operator review,MANUAL_PROXY_RESEARCH,66.7,28.6,24.0,78.3,43.7,72.7,60.0,0.5,20.6,17.7,1.17,13.2,13.45,13.32,1.88,FIVE_LEVEL,FYERS_MARKET_DEPTH,5,5,1275,850,5950,5950,2026-08-19T04:20:34+00:00,True,DataHealth invalid; Contract invalid: Quote stale or spread hard rejected.; SideDirection hard reject: 11.2 < 65.0; PremiumElasticity hard reject: 0.50 < 1.00; Expected/Required hard reject: 1.17 < 1.60; TradeQuality below configured minimum; ExecutionQuality below excellent gate: 43.7 < 80.0; ConvexityEdge below excellent gate: 78.3 < 80.0; RegimeFit below excellent gate: 60.0 < 70.0,,
2026-08-19T09:53:08.715542+05:30,2026-08-19,NIFTY,NSE,INDEX,NSE_INDEX,PAPER_ELIGIBLE,INDEX:BROAD_EQUITY,paper-strategy-8ade763620b6,opportunity-score-8ade763620b6,universe-a8e55c76a270,PAPER_OVERRIDE::FYERS_PAPER_PROXY_RESEARCH,CE,UNKNOWN,24100.0,2026-08-25,6,Reject,53.02,53.02,80.0,False,DATA_INVALID,3.1,34.0000,nifty_leadership_proxy,VALID,30.9279,00929e22c867,WARMUP_OBSERVATIONS,8,1,0,80.0,65.0,1.0,1.6,70.0,65.0,35.0,50.0,2.0,10.0,COST_MODEL_UNVALIDATED,False,False,DISABLED,Daily market context is disabled until operator review,MANUAL_PROXY_RESEARCH,20.0,21.7,24.0,78.3,100.0,78.0,95.0,0.5,200.9,150.7,1.33,145.3,145.6,145.45,0.21,FIVE_LEVEL,FYERS_MARKET_DEPTH,5,5,65,585,7150,7410,2026-08-19T04:22:22+00:00,True,DataHealth invalid; Contract invalid: Quote stale or spread hard rejected.; SideDirection hard reject: 3.1 < 65.0; PremiumElasticity hard reject: 0.50 < 1.00; Expected/Required hard reject: 1.33 < 1.60; TradeQuality below configured minimum; ConvexityEdge below excellent gate: 78.3 < 80.0,,
2026-08-19T09:53:08.715542+05:30,2026-08-19,NIFTY,NSE,INDEX,NSE_INDEX,PAPER_ELIGIBLE,INDEX:BROAD_EQUITY,paper-strategy-8ade763620b6,opportunity-score-8ade763620b6,universe-a8e55c76a270,PAPER_OVERRIDE::FYERS_PAPER_PROXY_RESEARCH,PE,UNKNOWN,24100.0,2026-08-25,6,Reject,52.46,52.46,80.0,False,DATA_INVALID,-3.1,34.0000,nifty_leadership_proxy,VALID,30.9279,00929e22c867,WARMUP_OBSERVATIONS,8,1,0,80.0,65.0,1.0,1.6,70.0,65.0,35.0,50.0,2.0,10.0,COST_MODEL_UNVALIDATED,False,False,DISABLED,Daily market context is disabled until operator review,MANUAL_PROXY_RESEARCH,20.0,21.7,24.0,78.3,100.0,77.0,95.0,0.5,200.9,150.7,1.33,105.6,105.85,105.72,0.24,FIVE_LEVEL,FYERS_MARKET_DEPTH,5,5,260,1105,12805,13780,2026-08-19T04:22:22+00:00,True,DataHealth invalid; Contract invalid: Quote stale or spread hard rejected.; SideDirection hard reject: -3.1 < 65.0; PremiumElasticity hard reject: 0.50 < 1.00; Expected/Required hard reject: 1.33 < 1.60; TradeQuality below configured minimum; ConvexityEdge below excellent gate: 78.3 < 80.0,,
2026-08-19T09:53:08.715542+05:30,2026-08-19,NIFTY,NSE,INDEX,NSE_INDEX,PAPER_ELIGIBLE,INDEX:BROAD_EQUITY,paper-strategy-8ade763620b6,opportunity-score-8ade763620b6,universe-a8e55c76a270,PAPER_OVERRIDE::FYERS_PAPER_PROXY_RESEARCH,CE,UNKNOWN,24050.0,2026-08-25,6,Reject,52.72,52.72,80.0,False,DATA_INVALID,3.1,34.0000,nifty_leadership_proxy,VALID,30.9279,00929e22c867,WARMUP_OBSERVATIONS,8,1,0,80.0,65.0,1.0,1.6,70.0,65.0,35.0,50.0,2.0,10.0,COST_MODEL_UNVALIDATED,False,False,DISABLED,Daily market context is disabled until operator review,MANUAL_PROXY_RESEARCH,20.0,21.7,24.0,76.8,100.0,78.0,95.0,0.7,200.9,150.7,1.33,175.05,175.45,175.25,0.23,FIVE_LEVEL,FYERS_MARKET_DEPTH,5,5,195,1105,6695,6760,2026-08-19T04:22:21+00:00,True,DataHealth invalid; Contract invalid: Quote stale or spread hard rejected.; SideDirection hard reject: 3.1 < 65.0; PremiumElasticity hard reject: 0.70 < 1.00; Expected/Required hard reject: 1.33 < 1.60; TradeQuality below configured minimum; ConvexityEdge below excellent gate: 76.8 < 80.0,,
2026-08-19T09:53:08.715542+05:30,2026-08-19,NIFTY,NSE,INDEX,NSE_INDEX,PAPER_ELIGIBLE,INDEX:BROAD_EQUITY,paper-strategy-8ade763620b6,opportunity-score-8ade763620b6,universe-a8e55c76a270,PAPER_OVERRIDE::FYERS_PAPER_PROXY_RESEARCH,PE,UNKNOWN,24150.0,2026-08-25,6,Reject,52.16,52.16,80.0,False,DATA_INVALID,-3.1,34.0000,nifty_leadership_proxy,VALID,30.9279,00929e22c867,WARMUP_OBSERVATIONS,8,1,0,80.0,65.0,1.0,1.6,70.0,65.0,35.0,50.0,2.0,10.0,COST_MODEL_UNVALIDATED,False,False,DISABLED,Daily market context is disabled until operator review,MANUAL_PROXY_RESEARCH,20.0,21.7,24.0,76.8,100.0,77.0,95.0,0.7,200.9,150.7,1.33,129.3,129.6,129.45,0.23,FIVE_LEVEL,FYERS_MARKET_DEPTH,5,5,2340,195,8970,6175,2026-08-19T04:22:24+00:00,True,DataHealth invalid; Contract invalid: Quote stale or spread hard rejected.; SideDirection hard reject: -3.1 < 65.0; PremiumElasticity hard reject: 0.70 < 1.00; Expected/Required hard reject: 1.33 < 1.60; TradeQuality below configured minimum; ConvexityEdge below excellent gate: 76.8 < 80.0,,
2026-08-19T09:53:08.715542+05:30,2026-08-19,BANKNIFTY,NSE,INDEX,NSE_INDEX,PAPER_ELIGIBLE,INDEX:BANKING,paper-strategy-8ade763620b6,opportunity-score-8ade763620b6,universe-a8e55c76a270,PAPER_OVERRIDE::FYERS_PAPER_PROXY_RESEARCH,PE,UNKNOWN,57200.0,2026-08-25,6,Reject,55.52,55.52,80.0,False,DATA_INVALID,-11.0,19.5290,banknifty_fast_wbci,VALID,8.4899,2e840ccd58d1,WARMUP_OBSERVATIONS,3,1,0,80.0,65.0,1.0,1.6,70.0,65.0,35.0,50.0,2.0,10.0,COST_MODEL_UNVALIDATED,False,False,DISABLED,Daily market context is disabled until operator review,MANUAL_PROXY_RESEARCH,41.3,24.8,24.0,78.3,100.0,82.2,75.0,0.5,627.3,442.8,1.42,312.2,312.9,312.55,0.22,FIVE_LEVEL,FYERS_MARKET_DEPTH,5,5,30,30,210,240,2026-08-19T04:22:28+00:00,True,DataHealth invalid; Contract invalid: Quote stale or spread hard rejected.; SideDirection hard reject: -11.0 < 65.0; PremiumElasticity hard reject: 0.50 < 1.00; Expected/Required hard reject: 1.42 < 1.60; TradeQuality below configured minimum; ConvexityEdge below excellent gate: 78.3 < 80.0,,
2026-08-19T09:53:08.715542+05:30,2026-08-19,BANKNIFTY,NSE,INDEX,NSE_INDEX,PAPER_ELIGIBLE,INDEX:BANKING,paper-strategy-8ade763620b6,opportunity-score-8ade763620b6,universe-a8e55c76a270,PAPER_OVERRIDE::FYERS_PAPER_PROXY_RESEARCH,PE,UNKNOWN,57100.0,2026-08-25,6,Reject,52.32,52.32,80.0,False,DATA_INVALID,-11.0,19.5290,banknifty_fast_wbci,VALID,8.4899,2e840ccd58d1,WARMUP_OBSERVATIONS,3,1,0,80.0,65.0,1.0,1.6,70.0,65.0,35.0,50.0,2.0,10.0,COST_MODEL_UNVALIDATED,False,False,DISABLED,Daily market context is disabled until operator review,MANUAL_PROXY_RESEARCH,41.3,24.8,24.0,62.3,100.0,82.2,75.0,0.3,627.3,442.8,1.42,271.2,271.9,271.55,0.26,FIVE_LEVEL,FYERS_MARKET_DEPTH,5,5,30,30,390,240,2026-08-19T04:22:27+00:00,True,DataHealth invalid; Contract invalid: Quote stale or spread hard rejected.; SideDirection hard reject: -11.0 < 65.0; PremiumElasticity hard reject: 0.30 < 1.00; Expected/Required hard reject: 1.42 < 1.60; TradeQuality below configured minimum; ConvexityEdge below excellent gate: 62.3 < 80.0,,
2026-08-19T09:53:08.715542+05:30,2026-08-19,BANKNIFTY,NSE,INDEX,NSE_INDEX,PAPER_ELIGIBLE,INDEX:BANKING,paper-strategy-8ade763620b6,opportunity-score-8ade763620b6,universe-a8e55c76a270,PAPER_OVERRIDE::FYERS_PAPER_PROXY_RESEARCH,PE,UNKNOWN,57300.0,2026-08-25,6,Reject,55.22,55.22,80.0,False,DATA_INVALID,-11.0,19.5290,banknifty_fast_wbci,VALID,8.4899,2e840ccd58d1,WARMUP_OBSERVATIONS,3,1,0,80.0,65.0,1.0,1.6,70.0,65.0,35.0,50.0,2.0,10.0,COST_MODEL_UNVALIDATED,False,False,DISABLED,Daily market context is disabled until operator review,MANUAL_PROXY_RESEARCH,41.3,24.8,24.0,76.8,100.0,82.2,75.0,0.7,627.3,442.8,1.42,357.45,358.1,357.77,0.18,FIVE_LEVEL,FYERS_MARKET_DEPTH,5,5,90,60,330,210,2026-08-19T04:22:29+00:00,True,DataHealth invalid; Contract invalid: Quote stale or spread hard rejected.; SideDirection hard reject: -11.0 < 65.0; PremiumElasticity hard reject: 0.70 < 1.00; Expected/Required hard reject: 1.42 < 1.60; TradeQuality below configured minimum; ConvexityEdge below excellent gate: 76.8 < 80.0,,
2026-08-19T09:53:08.715542+05:30,2026-08-19,MIDCPNIFTY,NSE,INDEX,NSE_INDEX,PAPER_ELIGIBLE,INDEX:MIDCAP,paper-strategy-8ade763620b6,opportunity-score-8ade763620b6,universe-a8e55c76a270,PAPER_OVERRIDE::FYERS_PAPER_PROXY_RESEARCH,CE,UNKNOWN,14850.0,2026-08-25,6,Reject,54.59,54.59,90.0,False,DATA_INVALID,10.6,11.1775,midcap_direction_proxy,PARTIAL_MIDCAP,0.5721,712afad509f5,WARMUP_OBSERVATIONS,7,1,0,80.0,65.0,1.0,1.6,70.0,65.0,35.0,50.0,2.0,10.0,COST_MODEL_UNVALIDATED,False,False,DISABLED,Daily market context is disabled until operator review,MANUAL_PROXY_RESEARCH,35.8,27.2,24.0,77.3,100.0,83.8,70.0,0.5,123.1,113.6,1.08,101.25,101.95,101.6,0.69,FIVE_LEVEL,FYERS_MARKET_DEPTH,5,5,120,360,960,1440,2026-08-19T04:22:35+00:00,True,DataHealth invalid; Contract invalid: Quote stale or spread hard rejected.; SideDirection hard reject: 10.6 < 65.0; PremiumElasticity hard reject: 0.50 < 1.00; Expected/Required hard reject: 1.08 < 1.60; TradeQuality below configured minimum; ConvexityEdge below excellent gate: 77.3 < 80.0,,
2026-08-19T09:53:08.715542+05:30,2026-08-19,MIDCPNIFTY,NSE,INDEX,NSE_INDEX,PAPER_ELIGIBLE,INDEX:MIDCAP,paper-strategy-8ade763620b6,opportunity-score-8ade763620b6,universe-a8e55c76a270,PAPER_OVERRIDE::FYERS_PAPER_PROXY_RESEARCH,PE,UNKNOWN,14850.0,2026-08-25,6,Reject,52.68,52.68,90.0,False,DATA_INVALID,-10.6,11.1775,midcap_direction_proxy,PARTIAL_MIDCAP,0.5721,712afad509f5,WARMUP_OBSERVATIONS,7,1,0,80.0,65.0,1.0,1.6,70.0,65.0,35.0,50.0,2.0,10.0,COST_MODEL_UNVALIDATED,False,False,DISABLED,Daily market context is disabled until operator review,MANUAL_PROXY_RESEARCH,35.8,27.2,24.0,77.3,100.0,80.6,70.0,0.5,123.1,113.6,1.08,87.4,88.05,87.72,0.74,FIVE_LEVEL,FYERS_MARKET_DEPTH,5,5,240,240,1080,1080,2026-08-19T04:22:35+00:00,True,DataHealth invalid; Contract invalid: Quote stale or spread hard rejected.; SideDirection hard reject: -10.6 < 65.0; PremiumElasticity hard reject: 0.50 < 1.00; Expected/Required hard reject: 1.08 < 1.60; TradeQuality below configured minimum; ConvexityEdge below excellent gate: 77.3 < 80.0,,
2026-08-19T09:53:08.715542+05:30,2026-08-19,MIDCPNIFTY,NSE,INDEX,NSE_INDEX,PAPER_ELIGIBLE,INDEX:MIDCAP,paper-strategy-8ade763620b6,opportunity-score-8ade763620b6,universe-a8e55c76a270,PAPER_OVERRIDE::FYERS_PAPER_PROXY_RESEARCH,CE,UNKNOWN,14825.0,2026-08-25,6,Reject,54.29,54.29,90.0,False,DATA_INVALID,10.6,11.1775,midcap_direction_proxy,PARTIAL_MIDCAP,0.5721,712afad509f5,WARMUP_OBSERVATIONS,7,1,0,80.0,65.0,1.0,1.6,70.0,65.0,35.0,50.0,2.0,10.0,COST_MODEL_UNVALIDATED,False,False,DISABLED,Daily market context is disabled until operator review,MANUAL_PROXY_RESEARCH,35.8,27.2,24.0,75.8,100.0,83.8,70.0,0.7,123.1,113.6,1.08,115.3,115.95,115.62,0.56,FIVE_LEVEL,FYERS_MARKET_DEPTH,5,5,120,360,600,1320,2026-08-19T04:22:31+00:00,True,DataHealth invalid; Contract invalid: Quote stale or spread hard rejected.; SideDirection hard reject: 10.6 < 65.0; PremiumElasticity hard reject: 0.70 < 1.00; Expected/Required hard reject: 1.08 < 1.60; TradeQuality below configured minimum; ConvexityEdge below excellent gate: 75.8 < 80.0,,
2026-08-19T09:53:08.715542+05:30,2026-08-19,MIDCPNIFTY,NSE,INDEX,NSE_INDEX,PAPER_ELIGIBLE,INDEX:MIDCAP,paper-strategy-8ade763620b6,opportunity-score-8ade763620b6,universe-a8e55c76a270,PAPER_OVERRIDE::FYERS_PAPER_PROXY_RESEARCH,PE,UNKNOWN,14825.0,2026-08-25,6,Reject,49.48,49.48,90.0,False,DATA_INVALID,-10.6,11.1775,midcap_direction_proxy,PARTIAL_MIDCAP,0.5721,712afad509f5,WARMUP_OBSERVATIONS,7,1,0,80.0,65.0,1.0,1.6,70.0,65.0,35.0,50.0,2.0,10.0,COST_MODEL_UNVALIDATED,False,False,DISABLED,Daily market context is disabled until operator review,MANUAL_PROXY_RESEARCH,35.8,27.2,24.0,61.3,100.0,80.6,70.0,0.3,123.1,113.6,1.08,75.95,76.5,76.22,0.72,FIVE_LEVEL,FYERS_MARKET_DEPTH,5,5,240,120,1440,840,2026-08-19T04:22:30+00:00,True,DataHealth invalid; Contract invalid: Quote stale or spread hard rejected.; SideDirection hard reject: -10.6 < 65.0; PremiumElasticity hard reject: 0.30 < 1.00; Expected/Required hard reject: 1.08 < 1.60; TradeQuality below configured minimum; ConvexityEdge below excellent gate: 61.3 < 80.0,,
2026-08-19T09:53:08.715542+05:30,2026-08-19,MIDCPNIFTY,NSE,INDEX,NSE_INDEX,PAPER_ELIGIBLE,INDEX:MIDCAP,paper-strategy-8ade763620b6,opportunity-score-8ade763620b6,universe-a8e55c76a270,PAPER_OVERRIDE::FYERS_PAPER_PROXY_RESEARCH,CE,UNKNOWN,14875.0,2026-08-25,6,Reject,51.39,51.39,90.0,False,DATA_INVALID,10.6,11.1775,midcap_direction_proxy,PARTIAL_MIDCAP,0.5721,712afad509f5,WARMUP_OBSERVATIONS,7,1,0,80.0,65.0,1.0,1.6,70.0,65.0,35.0,50.0,2.0,10.0,COST_MODEL_UNVALIDATED,False,False,DISABLED,Daily market context is disabled until operator review,MANUAL_PROXY_RESEARCH,35.8,27.2,24.0,61.3,100.0,83.8,70.0,0.3,123.1,113.6,1.08,87.5,88.2,87.85,0.8,FIVE_LEVEL,FYERS_MARKET_DEPTH,5,5,240,360,720,1320,2026-08-19T04:22:31+00:00,True,DataHealth invalid; Contract invalid: Quote stale or spread hard rejected.; SideDirection hard reject: 10.6 < 65.0; PremiumElasticity hard reject: 0.30 < 1.00; Expected/Required hard reject: 1.08 < 1.60; TradeQuality below configured minimum; ConvexityEdge below excellent gate: 61.3 < 80.0,,
2026-08-19T09:53:08.715542+05:30,2026-08-19,DRREDDY,NSE,STOCK,NSE_STOCK_OPTION,PAPER_ELIGIBLE,STOCK:DRREDDY,paper-strategy-8ade763620b6,opportunity-score-8ade763620b6,universe-a8e55c76a270,PAPER_OVERRIDE::FYERS_PAPER_PROXY_RESEARCH,CE,UNKNOWN,1170.0,2026-08-25,6,Reject,20.75,40.75,87.0,False,DATA_INVALID,10.2,,DRREDDY,NOT_CONFIGURED,,97ea730b14bf,WARMUP_OBSERVATIONS,0,0,0,90.0,65.0,1.0,1.6,70.0,65.0,35.0,50.0,3.0,20.0,COST_MODEL_UNVALIDATED,False,False,DISABLED,Daily market context is disabled until operator review,MANUAL_PROXY_RESEARCH,44.4,35.0,24.0,76.8,25.7,66.5,60.0,0.7,16.5,14.1,1.17,18.55,18.95,18.75,2.13,FIVE_LEVEL,FYERS_MARKET_DEPTH,5,5,1250,625,8125,3750,2026-08-19T04:21:48+00:00,True,DataHealth invalid; Contract invalid: Quote stale or spread hard rejected.; SideDirection hard reject: 10.2 < 65.0; PremiumElasticity hard reject: 0.70 < 1.00; Expected/Required hard reject: 1.17 < 1.60; TradeQuality below configured minimum; ExecutionQuality below excellent gate: 25.7 < 80.0; ConvexityEdge below excellent gate: 76.8 < 80.0; OpportunityConfidence below excellent gate: 66.5 < 70.0; RegimeFit below excellent gate: 60.0 < 70.0,,
2026-08-19T09:53:08.715542+05:30,2026-08-19,EICHERMOT,NSE,STOCK,NSE_STOCK_OPTION,PAPER_ELIGIBLE,STOCK:EICHERMOT,paper-strategy-8ade763620b6,opportunity-score-8ade763620b6,universe-a8e55c76a270,PAPER_OVERRIDE::FYERS_PAPER_PROXY_RESEARCH,PE,UNKNOWN,7900.0,2026-08-25,6,Reject,13.87,33.87,87.0,False,DATA_INVALID,-7.0,,EICHERMOT,NOT_CONFIGURED,,9ae09e86b9c0,WARMUP_OBSERVATIONS,0,0,0,90.0,65.0,1.0,1.6,70.0,65.0,35.0,50.0,3.0,20.0,COST_MODEL_UNVALIDATED,False,False,DISABLED,Daily market context is disabled until operator review,MANUAL_PROXY_RESEARCH,15.1,33.6,24.0,62.3,59.3,61.2,60.0,0.3,108.5,93.0,1.17,36.0,36.6,36.3,1.65,FIVE_LEVEL,FYERS_MARKET_DEPTH,5,5,100,100,600,500,2026-08-19T04:22:45+00:00,True,DataHealth invalid; Contract invalid: Quote stale or spread hard rejected.; SideDirection hard reject: -7.0 < 65.0; PremiumElasticity hard reject: 0.30 < 1.00; Expected/Required hard reject: 1.17 < 1.60; TradeQuality below configured minimum; FinalConfidence below configured minimum; ExecutionQuality below excellent gate: 59.3 < 80.0; ConvexityEdge below excellent gate: 62.3 < 80.0; OpportunityConfidence below excellent gate: 61.2 < 70.0; RegimeFit below excellent gate: 60.0 < 70.0,,
2026-08-19T09:53:08.715542+05:30,2026-08-19,EICHERMOT,NSE,STOCK,NSE_STOCK_OPTION,PAPER_ELIGIBLE,STOCK:EICHERMOT,paper-strategy-8ade763620b6,opportunity-score-8ade763620b6,universe-a8e55c76a270,PAPER_OVERRIDE::FYERS_PAPER_PROXY_RESEARCH,CE,UNKNOWN,8100.0,2026-08-25,6,Reject,18.96,38.96,87.0,False,DATA_INVALID,7.0,,EICHERMOT,NOT_CONFIGURED,,9ae09e86b9c0,WARMUP_OBSERVATIONS,0,0,0,90.0,65.0,1.0,1.6,70.0,65.0,35.0,50.0,3.0,20.0,COST_MODEL_UNVALIDATED,False,False,DISABLED,Daily market context is disabled until operator review,MANUAL_PROXY_RESEARCH,15.1,33.6,24.0,62.3,81.4,68.3,60.0,0.3,108.5,93.0,1.17,40.3,40.8,40.55,1.23,FIVE_LEVEL,FYERS_MARKET_DEPTH,5,5,100,100,1100,3500,2026-08-19T04:22:25+00:00,True,DataHealth invalid; Contract invalid: Quote stale or spread hard rejected.; SideDirection hard reject: 7.0 < 65.0; PremiumElasticity hard reject: 0.30 < 1.00; Expected/Required hard reject: 1.17 < 1.60; TradeQuality below configured minimum; ConvexityEdge below excellent gate: 62.3 < 80.0; OpportunityConfidence below excellent gate: 68.3 < 70.0; RegimeFit below excellent gate: 60.0 < 70.0,,
2026-08-19T09:53:08.715542+05:30,2026-08-19,GRASIM,NSE,STOCK,NSE_STOCK_OPTION,PAPER_ELIGIBLE,STOCK:GRASIM,paper-strategy-8ade763620b6,opportunity-score-8ade763620b6,universe-a8e55c76a270,PAPER_OVERRIDE::FYERS_PAPER_PROXY_RESEARCH,CE,UNKNOWN,3260.0,2026-08-25,6,Reject,16.89,36.89,87.0,False,DATA_INVALID,-2.2,,GRASIM,NOT_CONFIGURED,,3f3175605513,WARMUP_OBSERVATIONS,0,0,0,90.0,65.0,1.0,1.6,70.0,65.0,35.0,50.0,3.0,20.0,COST_MODEL_UNVALIDATED,False,False,DISABLED,Daily market context is disabled until operator review,MANUAL_PROXY_RESEARCH,8.9,35.0,24.0,78.3,70.4,61.9,60.0,0.5,50.8,43.6,1.17,36.6,37.15,36.88,1.49,FIVE_LEVEL,FYERS_MARKET_DEPTH,5,5,250,250,1750,1250,2026-08-19T04:21:54+00:00,True,DataHealth invalid; Contract invalid: Quote stale or spread hard rejected.; SideDirection hard reject: -2.2 < 65.0; PremiumElasticity hard reject: 0.50 < 1.00; Expected/Required hard reject: 1.17 < 1.60; TradeQuality below configured minimum; FinalConfidence below configured minimum; ExecutionQuality below excellent gate: 70.4 < 80.0; ConvexityEdge below excellent gate: 78.3 < 80.0; OpportunityConfidence below excellent gate: 61.9 < 70.0; RegimeFit below excellent gate: 60.0 < 70.0,,
2026-08-19T09:53:08.715542+05:30,2026-08-19,GRASIM,NSE,STOCK,NSE_STOCK_OPTION,PAPER_ELIGIBLE,STOCK:GRASIM,paper-strategy-8ade763620b6,opportunity-score-8ade763620b6,universe-a8e55c76a270,PAPER_OVERRIDE::FYERS_PAPER_PROXY_RESEARCH,PE,UNKNOWN,3240.0,2026-08-25,6,Reject,5.53,25.53,87.0,False,DATA_INVALID,2.2,,GRASIM,NOT_CONFIGURED,,3f3175605513,WARMUP_OBSERVATIONS,0,0,0,90.0,65.0,1.0,1.6,70.0,65.0,35.0,50.0,3.0,20.0,COST_MODEL_UNVALIDATED,False,False,DISABLED,Daily market context is disabled until operator review,MANUAL_PROXY_RESEARCH,8.9,35.0,24.0,62.3,19.4,53.4,60.0,0.3,50.8,43.6,1.17,26.7,27.3,27.0,2.22,FIVE_LEVEL,FYERS_MARKET_DEPTH,5,5,500,500,1750,1500,2026-08-19T04:22:02+00:00,True,DataHealth invalid; Contract invalid: Quote stale or spread hard rejected.; SideDirection hard reject: 2.2 < 65.0; PremiumElasticity hard reject: 0.30 < 1.00; Expected/Required hard reject: 1.17 < 1.60; TradeQuality below configured minimum; FinalConfidence below configured minimum; ExecutionQuality below excellent gate: 19.4 < 80.0; ConvexityEdge below excellent gate: 62.3 < 80.0; OpportunityConfidence below excellent gate: 53.4 < 70.0; RegimeFit below excellent gate: 60.0 < 70.0,,
2026-08-19T09:53:08.715542+05:30,2026-08-19,GRASIM,NSE,STOCK,NSE_STOCK_OPTION,PAPER_ELIGIBLE,STOCK:GRASIM,paper-strategy-8ade763620b6,opportunity-score-8ade763620b6,universe-a8e55c76a270,PAPER_OVERRIDE::FYERS_PAPER_PROXY_RESEARCH,CE,UNKNOWN,3280.0,2026-08-25,6,Reject,14.13,34.13,87.0,False,DATA_INVALID,-2.2,,GRASIM,NOT_CONFIGURED,,3f3175605513,WARMUP_OBSERVATIONS,0,0,0,90.0,65.0,1.0,1.6,70.0,65.0,35.0,50.0,3.0,20.0,COST_MODEL_UNVALIDATED,False,False,DISABLED,Daily market context is disabled until operator review,MANUAL_PROXY_RESEARCH,8.9,35.0,24.0,62.3,72.8,62.6,60.0,0.3,50.8,43.6,1.17,27.7,28.1,27.9,1.43,FIVE_LEVEL,FYERS_MARKET_DEPTH,5,5,500,750,1750,2000,2026-08-19T04:22:05+00:00,True,DataHealth invalid; Contract invalid: Quote stale or spread hard rejected.; SideDirection hard reject: -2.2 < 65.0; PremiumElasticity hard reject: 0.30 < 1.00; Expected/Required hard reject: 1.17 < 1.60; TradeQuality below configured minimum; FinalConfidence below configured minimum; ExecutionQuality below excellent gate: 72.8 < 80.0; ConvexityEdge below excellent gate: 62.3 < 80.0; OpportunityConfidence below excellent gate: 62.6 < 70.0; RegimeFit below excellent gate: 60.0 < 70.0,,
